"age group","county name","cases","deaths","confirmed_case_hospitalization"
"01-04 years","Georgia","52694","7","845"
"05-09 years","Georgia","85078","5","577"
"10-17 years","Georgia","201396","21","1882"
"18-29 years","Georgia","461792","281","9218"
"30-39 years","Georgia","368516","728","11092"
"40-49 years","Georgia","331617","1578","14366"
"50-59 years","Georgia","300248","3836","20931"
"60-69 years","Georgia","202768","6916","24077"
"70-79 years","Georgia","114321","9004","22392"
"80 & Older years","Georgia","59348","10487","16774"
"<1 years","Georgia","19363","5","888"
"Unknown years","Georgia","2788","0","404"
"01-04 years","Appling","85","0","0"
"05-09 years","Appling","131","0","0"
"10-17 years","Appling","431","1","3"
"18-29 years","Appling","669","1","9"
"30-39 years","Appling","518","4","10"
"40-49 years","Appling","501","10","32"
"50-59 years","Appling","503","12","51"
"60-69 years","Appling","420","24","76"
"70-79 years","Appling","292","28","61"
"80 & Older years","Appling","148","35","47"
"<1 years","Appling","26","0","0"
"01-04 years","Atkinson","45","1","3"
"05-09 years","Atkinson","77","0","1"
"10-17 years","Atkinson","191","0","2"
"18-29 years","Atkinson","325","0","16"
"30-39 years","Atkinson","240","0","19"
"40-49 years","Atkinson","246","4","39"
"50-59 years","Atkinson","224","5","43"
"60-69 years","Atkinson","154","10","53"
"70-79 years","Atkinson","83","10","37"
"80 & Older years","Atkinson","42","13","29"
"<1 years","Atkinson","18","0","1"
"01-04 years","Bacon","60","0","1"
"05-09 years","Bacon","86","0","1"
"10-17 years","Bacon","244","0","1"
"18-29 years","Bacon","675","0","15"
"30-39 years","Bacon","408","1","13"
"40-49 years","Bacon","403","5","28"
"50-59 years","Bacon","322","5","32"
"60-69 years","Bacon","268","21","60"
"70-79 years","Bacon","180","19","52"
"80 & Older years","Bacon","94","16","33"
"<1 years","Bacon","20","0","0"
"Unknown years","Bacon","1","0","0"
"01-04 years","Baker","12","0","0"
"05-09 years","Baker","22","0","0"
"10-17 years","Baker","23","0","1"
"18-29 years","Baker","62","0","0"
"30-39 years","Baker","41","0","5"
"40-49 years","Baker","38","3","3"
"50-59 years","Baker","42","0","5"
"60-69 years","Baker","46","3","17"
"70-79 years","Baker","26","3","11"
"80 & Older years","Baker","18","5","6"
"<1 years","Baker","3","0","0"
"01-04 years","Baldwin","146","0","2"
"05-09 years","Baldwin","280","0","0"
"10-17 years","Baldwin","601","1","5"
"18-29 years","Baldwin","2184","0","24"
"30-39 years","Baldwin","1137","2","21"
"40-49 years","Baldwin","1056","7","49"
"50-59 years","Baldwin","1034","25","86"
"60-69 years","Baldwin","802","45","107"
"70-79 years","Baldwin","495","54","83"
"80 & Older years","Baldwin","273","73","82"
"<1 years","Baldwin","50","0","4"
"Unknown years","Baldwin","1","0","0"
"01-04 years","Banks","66","0","3"
"05-09 years","Banks","106","0","1"
"10-17 years","Banks","273","0","5"
"18-29 years","Banks","721","1","25"
"30-39 years","Banks","551","0","23"
"40-49 years","Banks","523","8","33"
"50-59 years","Banks","556","10","49"
"60-69 years","Banks","444","18","82"
"70-79 years","Banks","326","30","93"
"80 & Older years","Banks","144","22","46"
"<1 years","Banks","34","0","2"
"Unknown years","Banks","8","0","1"
"01-04 years","Barrow","487","0","6"
"05-09 years","Barrow","814","0","5"
"10-17 years","Barrow","2115","1","21"
"18-29 years","Barrow","4173","2","79"
"30-39 years","Barrow","3746","3","100"
"40-49 years","Barrow","3494","13","125"
"50-59 years","Barrow","3012","25","193"
"60-69 years","Barrow","1981","60","217"
"70-79 years","Barrow","1152","70","165"
"80 & Older years","Barrow","507","80","151"
"<1 years","Barrow","210","0","11"
"Unknown years","Barrow","7","0","2"
"01-04 years","Bartow","568","0","20"
"05-09 years","Bartow","813","0","6"
"10-17 years","Bartow","2186","0","25"
"18-29 years","Bartow","4551","0","56"
"30-39 years","Bartow","3758","6","89"
"40-49 years","Bartow","3512","12","144"
"50-59 years","Bartow","3690","38","254"
"60-69 years","Bartow","2391","99","271"
"70-79 years","Bartow","1472","128","296"
"80 & Older years","Bartow","717","117","191"
"<1 years","Bartow","255","0","10"
"Unknown years","Bartow","15","0","2"
"01-04 years","Ben Hill","46","0","1"
"05-09 years","Ben Hill","42","0","0"
"10-17 years","Ben Hill","186","0","0"
"18-29 years","Ben Hill","442","0","5"
"30-39 years","Ben Hill","358","3","13"
"40-49 years","Ben Hill","309","2","18"
"50-59 years","Ben Hill","320","8","36"
"60-69 years","Ben Hill","271","17","39"
"70-79 years","Ben Hill","176","25","59"
"80 & Older years","Ben Hill","81","20","24"
"<1 years","Ben Hill","21","0","2"
"01-04 years","Berrien","67","0","1"
"05-09 years","Berrien","75","0","0"
"10-17 years","Berrien","200","0","1"
"18-29 years","Berrien","409","0","0"
"30-39 years","Berrien","336","0","5"
"40-49 years","Berrien","267","1","8"
"50-59 years","Berrien","307","6","26"
"60-69 years","Berrien","235","12","32"
"70-79 years","Berrien","164","24","26"
"80 & Older years","Berrien","85","17","17"
"<1 years","Berrien","35","0","0"
"01-04 years","Bibb","572","0","12"
"05-09 years","Bibb","998","0","4"
"10-17 years","Bibb","2386","0","19"
"18-29 years","Bibb","7083","4","162"
"30-39 years","Bibb","5366","13","220"
"40-49 years","Bibb","4809","32","349"
"50-59 years","Bibb","4322","71","492"
"60-69 years","Bibb","3294","167","649"
"70-79 years","Bibb","1896","202","542"
"80 & Older years","Bibb","1006","225","427"
"<1 years","Bibb","187","0","9"
"Unknown years","Bibb","4","0","0"
"01-04 years","Bleckley","27","0","1"
"05-09 years","Bleckley","61","0","0"
"10-17 years","Bleckley","169","0","1"
"18-29 years","Bleckley","355","0","6"
"30-39 years","Bleckley","220","1","5"
"40-49 years","Bleckley","205","1","3"
"50-59 years","Bleckley","191","4","11"
"60-69 years","Bleckley","144","11","19"
"70-79 years","Bleckley","97","8","17"
"80 & Older years","Bleckley","74","21","17"
"<1 years","Bleckley","10","0","0"
"01-04 years","Brantley","62","0","0"
"05-09 years","Brantley","103","0","0"
"10-17 years","Brantley","277","0","1"
"18-29 years","Brantley","500","0","5"
"30-39 years","Brantley","386","3","8"
"40-49 years","Brantley","362","6","21"
"50-59 years","Brantley","403","19","39"
"60-69 years","Brantley","280","18","45"
"70-79 years","Brantley","193","29","52"
"80 & Older years","Brantley","80","18","20"
"<1 years","Brantley","13","0","0"
"Unknown years","Brantley","2","0","0"
"01-04 years","Brooks","60","0","2"
"05-09 years","Brooks","72","0","0"
"10-17 years","Brooks","171","0","0"
"18-29 years","Brooks","355","0","4"
"30-39 years","Brooks","299","1","10"
"40-49 years","Brooks","282","2","18"
"50-59 years","Brooks","298","7","34"
"60-69 years","Brooks","211","13","32"
"70-79 years","Brooks","180","21","33"
"80 & Older years","Brooks","114","26","34"
"<1 years","Brooks","26","0","0"
"Unknown years","Brooks","1","0","0"
"01-04 years","Bryan","278","0","3"
"05-09 years","Bryan","377","0","2"
"10-17 years","Bryan","897","0","7"
"18-29 years","Bryan","1440","2","25"
"30-39 years","Bryan","1298","5","37"
"40-49 years","Bryan","1260","6","58"
"50-59 years","Bryan","913","9","64"
"60-69 years","Bryan","567","20","77"
"70-79 years","Bryan","330","23","111"
"80 & Older years","Bryan","131","16","45"
"<1 years","Bryan","127","0","9"
"Unknown years","Bryan","7","0","0"
"01-04 years","Bulloch","281","0","1"
"05-09 years","Bulloch","468","0","1"
"10-17 years","Bulloch","1145","0","4"
"18-29 years","Bulloch","4024","1","21"
"30-39 years","Bulloch","1620","5","38"
"40-49 years","Bulloch","1214","7","42"
"50-59 years","Bulloch","1103","18","70"
"60-69 years","Bulloch","725","25","88"
"70-79 years","Bulloch","381","32","78"
"80 & Older years","Bulloch","187","26","55"
"<1 years","Bulloch","127","0","7"
"Unknown years","Bulloch","1","0","0"
"01-04 years","Burke","60","0","1"
"05-09 years","Burke","110","0","0"
"10-17 years","Burke","281","0","4"
"18-29 years","Burke","627","2","18"
"30-39 years","Burke","512","2","23"
"40-49 years","Burke","498","5","27"
"50-59 years","Burke","439","6","42"
"60-69 years","Burke","360","14","57"
"70-79 years","Burke","184","24","61"
"80 & Older years","Burke","63","15","25"
"<1 years","Burke","24","0","0"
"Unknown years","Burke","3","0","0"
"01-04 years","Butts","107","0","4"
"05-09 years","Butts","135","0","0"
"10-17 years","Butts","373","0","7"
"18-29 years","Butts","958","0","17"
"30-39 years","Butts","866","2","15"
"40-49 years","Butts","776","6","32"
"50-59 years","Butts","805","20","64"
"60-69 years","Butts","583","29","70"
"70-79 years","Butts","383","46","66"
"80 & Older years","Butts","235","46","30"
"<1 years","Butts","47","0","3"
"Unknown years","Butts","2","0","0"
"01-04 years","Calhoun","29","0","0"
"05-09 years","Calhoun","25","0","0"
"10-17 years","Calhoun","73","0","1"
"18-29 years","Calhoun","182","0","9"
"30-39 years","Calhoun","187","3","8"
"40-49 years","Calhoun","168","1","11"
"50-59 years","Calhoun","149","4","21"
"60-69 years","Calhoun","122","4","30"
"70-79 years","Calhoun","50","7","12"
"80 & Older years","Calhoun","45","4","14"
"<1 years","Calhoun","7","0","0"
"01-04 years","Camden","290","0","0"
"05-09 years","Camden","438","0","2"
"10-17 years","Camden","987","0","3"
"18-29 years","Camden","2205","0","13"
"30-39 years","Camden","1770","3","27"
"40-49 years","Camden","1237","10","34"
"50-59 years","Camden","1289","17","44"
"60-69 years","Camden","920","27","62"
"70-79 years","Camden","545","20","45"
"80 & Older years","Camden","217","31","35"
"<1 years","Camden","87","0","2"
"Unknown years","Camden","9","0","0"
"01-04 years","Candler","25","0","0"
"05-09 years","Candler","50","0","0"
"10-17 years","Candler","134","0","0"
"18-29 years","Candler","258","0","2"
"30-39 years","Candler","209","0","8"
"40-49 years","Candler","210","5","5"
"50-59 years","Candler","239","13","24"
"60-69 years","Candler","163","12","25"
"70-79 years","Candler","113","15","25"
"80 & Older years","Candler","49","13","19"
"<1 years","Candler","20","0","1"
"01-04 years","Carroll","314","0","4"
"05-09 years","Carroll","506","0","5"
"10-17 years","Carroll","1510","0","7"
"18-29 years","Carroll","3612","0","28"
"30-39 years","Carroll","2540","3","29"
"40-49 years","Carroll","2266","12","51"
"50-59 years","Carroll","2200","20","81"
"60-69 years","Carroll","1480","39","113"
"70-79 years","Carroll","859","50","94"
"80 & Older years","Carroll","435","63","58"
"<1 years","Carroll","119","0","2"
"Unknown years","Carroll","14","0","7"
"01-04 years","Catoosa","318","0","2"
"05-09 years","Catoosa","506","0","2"
"10-17 years","Catoosa","1357","0","3"
"18-29 years","Catoosa","2556","1","19"
"30-39 years","Catoosa","2087","2","22"
"40-49 years","Catoosa","2072","5","45"
"50-59 years","Catoosa","1948","17","71"
"60-69 years","Catoosa","1345","22","91"
"70-79 years","Catoosa","875","41","105"
"80 & Older years","Catoosa","533","58","76"
"<1 years","Catoosa","110","0","1"
"Unknown years","Catoosa","22","0","0"
"01-04 years","Charlton","40","0","0"
"05-09 years","Charlton","66","0","0"
"10-17 years","Charlton","142","0","0"
"18-29 years","Charlton","568","0","4"
"30-39 years","Charlton","472","2","5"
"40-49 years","Charlton","368","3","13"
"50-59 years","Charlton","281","5","13"
"60-69 years","Charlton","244","12","35"
"70-79 years","Charlton","140","13","34"
"80 & Older years","Charlton","54","12","21"
"<1 years","Charlton","18","0","0"
"Unknown years","Charlton","1","0","0"
"01-04 years","Chatham","2246","0","21"
"05-09 years","Chatham","3151","1","13"
"10-17 years","Chatham","5977","0","43"
"18-29 years","Chatham","13927","8","238"
"30-39 years","Chatham","10596","27","339"
"40-49 years","Chatham","7867","48","383"
"50-59 years","Chatham","6872","98","568"
"60-69 years","Chatham","5177","174","745"
"70-79 years","Chatham","2751","232","712"
"80 & Older years","Chatham","1484","260","614"
"<1 years","Chatham","951","0","30"
"Unknown years","Chatham","24","0","2"
"01-04 years","Chattahoochee","33","0","0"
"05-09 years","Chattahoochee","71","0","0"
"10-17 years","Chattahoochee","244","0","2"
"18-29 years","Chattahoochee","5370","7","12"
"30-39 years","Chattahoochee","632","2","7"
"40-49 years","Chattahoochee","153","1","4"
"50-59 years","Chattahoochee","95","2","12"
"60-69 years","Chattahoochee","62","1","12"
"70-79 years","Chattahoochee","32","1","7"
"80 & Older years","Chattahoochee","16","3","6"
"<1 years","Chattahoochee","15","0","0"
"01-04 years","Chattooga","121","0","1"
"05-09 years","Chattooga","206","0","1"
"10-17 years","Chattooga","581","0","5"
"18-29 years","Chattooga","1011","0","13"
"30-39 years","Chattooga","846","3","17"
"40-49 years","Chattooga","838","7","42"
"50-59 years","Chattooga","843","18","56"
"60-69 years","Chattooga","616","27","72"
"70-79 years","Chattooga","405","24","84"
"80 & Older years","Chattooga","217","43","51"
"<1 years","Chattooga","57","0","5"
"Unknown years","Chattooga","4","0","1"
"01-04 years","Cherokee","1088","0","13"
"05-09 years","Cherokee","1910","0","13"
"10-17 years","Cherokee","5145","0","25"
"18-29 years","Cherokee","9400","3","156"
"30-39 years","Cherokee","7758","10","207"
"40-49 years","Cherokee","7924","16","286"
"50-59 years","Cherokee","7764","59","428"
"60-69 years","Cherokee","5031","109","489"
"70-79 years","Cherokee","3230","167","498"
"80 & Older years","Cherokee","1618","246","403"
"<1 years","Cherokee","389","0","17"
"Unknown years","Cherokee","7","0","0"
"01-04 years","Clarke","690","1","17"
"05-09 years","Clarke","955","0","14"
"10-17 years","Clarke","1877","0","37"
"18-29 years","Clarke","12036","1","183"
"30-39 years","Clarke","4207","3","169"
"40-49 years","Clarke","3136","8","169"
"50-59 years","Clarke","2545","21","203"
"60-69 years","Clarke","1767","48","241"
"70-79 years","Clarke","1101","71","261"
"80 & Older years","Clarke","523","81","182"
"<1 years","Clarke","265","0","12"
"Unknown years","Clarke","1","0","1"
"01-04 years","Clay","17","0","0"
"05-09 years","Clay","18","0","0"
"10-17 years","Clay","45","0","0"
"18-29 years","Clay","64","0","0"
"30-39 years","Clay","61","0","2"
"40-49 years","Clay","55","0","2"
"50-59 years","Clay","39","1","3"
"60-69 years","Clay","35","2","2"
"70-79 years","Clay","24","0","1"
"80 & Older years","Clay","19","3","4"
"<1 years","Clay","5","0","0"
"01-04 years","Clayton","1826","1","34"
"05-09 years","Clayton","3205","1","27"
"10-17 years","Clayton","6569","2","93"
"18-29 years","Clayton","13263","14","366"
"30-39 years","Clayton","12235","45","495"
"40-49 years","Clayton","10244","60","509"
"50-59 years","Clayton","9031","145","702"
"60-69 years","Clayton","5640","238","675"
"70-79 years","Clayton","2257","230","462"
"80 & Older years","Clayton","988","207","292"
"<1 years","Clayton","622","0","32"
"Unknown years","Clayton","26","0","12"
"01-04 years","Clinch","37","0","0"
"05-09 years","Clinch","53","0","0"
"10-17 years","Clinch","137","0","0"
"18-29 years","Clinch","265","0","3"
"30-39 years","Clinch","227","1","5"
"40-49 years","Clinch","196","0","5"
"50-59 years","Clinch","203","3","21"
"60-69 years","Clinch","218","15","27"
"70-79 years","Clinch","109","12","25"
"80 & Older years","Clinch","50","9","12"
"<1 years","Clinch","20","0","0"
"01-04 years","Cobb","3960","1","55"
"05-09 years","Cobb","6520","0","37"
"10-17 years","Cobb","14638","0","93"
"18-29 years","Cobb","34254","16","377"
"30-39 years","Cobb","27407","41","436"
"40-49 years","Cobb","25034","76","614"
"50-59 years","Cobb","21552","164","875"
"60-69 years","Cobb","13772","307","905"
"70-79 years","Cobb","7281","487","874"
"80 & Older years","Cobb","3841","668","838"
"<1 years","Cobb","1208","0","40"
"Unknown years","Cobb","75","0","0"
"01-04 years","Coffee","205","0","4"
"05-09 years","Coffee","345","0","7"
"10-17 years","Coffee","762","0","9"
"18-29 years","Coffee","1744","1","45"
"30-39 years","Coffee","1394","7","82"
"40-49 years","Coffee","1285","16","162"
"50-59 years","Coffee","1152","26","237"
"60-69 years","Coffee","870","60","235"
"70-79 years","Coffee","479","67","205"
"80 & Older years","Coffee","252","56","131"
"<1 years","Coffee","85","0","9"
"01-04 years","Colquitt","169","0","1"
"05-09 years","Colquitt","345","0","2"
"10-17 years","Colquitt","993","0","12"
"18-29 years","Colquitt","1699","1","39"
"30-39 years","Colquitt","1291","3","38"
"40-49 years","Colquitt","1221","11","53"
"50-59 years","Colquitt","1147","31","62"
"60-69 years","Colquitt","890","41","82"
"70-79 years","Colquitt","585","39","82"
"80 & Older years","Colquitt","327","55","57"
"<1 years","Colquitt","89","0","3"
"01-04 years","Columbia","478","1","7"
"05-09 years","Columbia","917","1","9"
"10-17 years","Columbia","2353","0","16"
"18-29 years","Columbia","4491","2","54"
"30-39 years","Columbia","4424","10","69"
"40-49 years","Columbia","3705","17","88"
"50-59 years","Columbia","2945","40","143"
"60-69 years","Columbia","1970","59","161"
"70-79 years","Columbia","1023","84","201"
"80 & Older years","Columbia","572","116","180"
"<1 years","Columbia","171","1","13"
"Unknown years","Columbia","3","0","0"
"01-04 years","Cook","62","0","3"
"05-09 years","Cook","83","0","0"
"10-17 years","Cook","206","0","2"
"18-29 years","Cook","412","0","10"
"30-39 years","Cook","340","0","5"
"40-49 years","Cook","315","3","20"
"50-59 years","Cook","287","7","24"
"60-69 years","Cook","215","13","28"
"70-79 years","Cook","147","15","34"
"80 & Older years","Cook","93","20","18"
"<1 years","Cook","37","0","3"
"01-04 years","Coweta","560","0","7"
"05-09 years","Coweta","927","0","9"
"10-17 years","Coweta","2368","0","27"
"18-29 years","Coweta","4533","5","139"
"30-39 years","Coweta","3841","16","190"
"40-49 years","Coweta","3853","33","228"
"50-59 years","Coweta","4117","62","335"
"60-69 years","Coweta","2521","76","317"
"70-79 years","Coweta","1506","122","343"
"80 & Older years","Coweta","678","127","223"
"<1 years","Coweta","176","0","13"
"Unknown years","Coweta","13","0","5"
"01-04 years","Crawford","15","0","0"
"05-09 years","Crawford","22","0","0"
"10-17 years","Crawford","80","0","2"
"18-29 years","Crawford","212","0","4"
"30-39 years","Crawford","200","1","11"
"40-49 years","Crawford","180","3","10"
"50-59 years","Crawford","242","13","27"
"60-69 years","Crawford","212","13","28"
"70-79 years","Crawford","119","14","25"
"80 & Older years","Crawford","55","6","20"
"<1 years","Crawford","5","0","0"
"01-04 years","Crisp","53","0","0"
"05-09 years","Crisp","97","0","0"
"10-17 years","Crisp","280","0","3"
"18-29 years","Crisp","473","2","16"
"30-39 years","Crisp","442","2","20"
"40-49 years","Crisp","377","4","25"
"50-59 years","Crisp","355","5","33"
"60-69 years","Crisp","311","22","54"
"70-79 years","Crisp","146","16","37"
"80 & Older years","Crisp","77","20","18"
"<1 years","Crisp","30","0","0"
"01-04 years","Dade","53","0","0"
"05-09 years","Dade","132","0","0"
"10-17 years","Dade","286","0","1"
"18-29 years","Dade","563","0","3"
"30-39 years","Dade","407","0","3"
"40-49 years","Dade","431","1","10"
"50-59 years","Dade","388","7","27"
"60-69 years","Dade","316","2","16"
"70-79 years","Dade","205","13","29"
"80 & Older years","Dade","90","5","16"
"<1 years","Dade","24","0","0"
"Unknown years","Dade","5","0","0"
"01-04 years","Dawson","135","0","1"
"05-09 years","Dawson","213","0","1"
"10-17 years","Dawson","557","0","7"
"18-29 years","Dawson","1305","0","21"
"30-39 years","Dawson","1108","2","29"
"40-49 years","Dawson","927","4","45"
"50-59 years","Dawson","1076","11","77"
"60-69 years","Dawson","835","21","103"
"70-79 years","Dawson","510","33","80"
"80 & Older years","Dawson","243","28","50"
"<1 years","Dawson","62","0","3"
"01-04 years","DeKalb","4187","0","57"
"05-09 years","DeKalb","6255","0","45"
"10-17 years","DeKalb","12189","0","145"
"18-29 years","DeKalb","33600","19","929"
"30-39 years","DeKalb","30968","38","1164"
"40-49 years","DeKalb","23889","81","1208"
"50-59 years","DeKalb","20145","202","1571"
"60-69 years","DeKalb","12991","336","1683"
"70-79 years","DeKalb","6567","422","1311"
"80 & Older years","DeKalb","3324","525","911"
"<1 years","DeKalb","1191","1","47"
"Unknown years","DeKalb","110","0","26"
"01-04 years","Decatur","256","0","3"
"05-09 years","Decatur","300","0","1"
"10-17 years","Decatur","624","0","1"
"18-29 years","Decatur","1104","1","23"
"30-39 years","Decatur","852","1","13"
"40-49 years","Decatur","788","3","38"
"50-59 years","Decatur","711","14","56"
"60-69 years","Decatur","541","21","64"
"70-79 years","Decatur","307","31","50"
"80 & Older years","Decatur","188","25","31"
"<1 years","Decatur","105","0","1"
"Unknown years","Decatur","2","0","0"
"01-04 years","Dodge","30","0","0"
"05-09 years","Dodge","67","0","0"
"10-17 years","Dodge","216","1","2"
"18-29 years","Dodge","474","0","9"
"30-39 years","Dodge","326","2","10"
"40-49 years","Dodge","327","3","14"
"50-59 years","Dodge","312","7","23"
"60-69 years","Dodge","229","22","36"
"70-79 years","Dodge","136","20","28"
"80 & Older years","Dodge","83","18","18"
"<1 years","Dodge","17","0","1"
"01-04 years","Dooly","34","0","0"
"05-09 years","Dooly","58","0","0"
"10-17 years","Dooly","148","0","1"
"18-29 years","Dooly","285","1","5"
"30-39 years","Dooly","230","0","12"
"40-49 years","Dooly","266","2","14"
"50-59 years","Dooly","250","6","24"
"60-69 years","Dooly","212","12","27"
"70-79 years","Dooly","100","12","26"
"80 & Older years","Dooly","40","9","8"
"<1 years","Dooly","16","0","1"
"Unknown years","Dooly","1","0","0"
"01-04 years","Dougherty","423","0","5"
"05-09 years","Dougherty","881","0","1"
"10-17 years","Dougherty","2028","0","22"
"18-29 years","Dougherty","2935","4","188"
"30-39 years","Dougherty","2397","8","155"
"40-49 years","Dougherty","2089","35","195"
"50-59 years","Dougherty","1877","49","259"
"60-69 years","Dougherty","1506","119","370"
"70-79 years","Dougherty","831","107","267"
"80 & Older years","Dougherty","493","148","204"
"<1 years","Dougherty","170","0","11"
"Unknown years","Dougherty","37","0","1"
"01-04 years","Douglas","763","0","14"
"05-09 years","Douglas","1333","0","15"
"10-17 years","Douglas","3251","1","35"
"18-29 years","Douglas","6137","0","85"
"30-39 years","Douglas","5377","8","123"
"40-49 years","Douglas","5603","18","192"
"50-59 years","Douglas","4904","49","255"
"60-69 years","Douglas","2747","80","268"
"70-79 years","Douglas","1351","93","210"
"80 & Older years","Douglas","614","95","158"
"<1 years","Douglas","290","0","14"
"Unknown years","Douglas","11","0","0"
"01-04 years","Early","79","0","0"
"05-09 years","Early","99","0","0"
"10-17 years","Early","302","0","0"
"18-29 years","Early","358","1","12"
"30-39 years","Early","317","1","6"
"40-49 years","Early","312","2","15"
"50-59 years","Early","306","6","18"
"60-69 years","Early","222","12","23"
"70-79 years","Early","137","21","27"
"80 & Older years","Early","77","13","20"
"<1 years","Early","21","0","0"
"Unknown years","Early","3","0","0"
"01-04 years","Echols","16","0","0"
"05-09 years","Echols","11","0","0"
"10-17 years","Echols","37","0","2"
"18-29 years","Echols","149","0","2"
"30-39 years","Echols","72","1","4"
"40-49 years","Echols","62","0","1"
"50-59 years","Echols","60","1","2"
"60-69 years","Echols","38","0","1"
"70-79 years","Echols","26","2","4"
"80 & Older years","Echols","7","2","2"
"<1 years","Echols","6","0","0"
"01-04 years","Effingham","351","0","2"
"05-09 years","Effingham","596","0","3"
"10-17 years","Effingham","1299","0","2"
"18-29 years","Effingham","1978","1","21"
"30-39 years","Effingham","2055","5","51"
"40-49 years","Effingham","1730","10","80"
"50-59 years","Effingham","1509","34","127"
"60-69 years","Effingham","1030","29","150"
"70-79 years","Effingham","507","46","141"
"80 & Older years","Effingham","230","48","76"
"<1 years","Effingham","149","0","7"
"Unknown years","Effingham","5","0","0"
"01-04 years","Elbert","59","0","3"
"05-09 years","Elbert","81","0","1"
"10-17 years","Elbert","197","0","4"
"18-29 years","Elbert","506","2","11"
"30-39 years","Elbert","385","0","18"
"40-49 years","Elbert","376","1","26"
"50-59 years","Elbert","403","4","47"
"60-69 years","Elbert","346","12","61"
"70-79 years","Elbert","246","26","70"
"80 & Older years","Elbert","189","41","67"
"<1 years","Elbert","40","0","4"
"Unknown years","Elbert","2","0","0"
"01-04 years","Emanuel","90","0","4"
"05-09 years","Emanuel","137","0","2"
"10-17 years","Emanuel","382","0","3"
"18-29 years","Emanuel","679","1","8"
"30-39 years","Emanuel","570","1","25"
"40-49 years","Emanuel","542","5","22"
"50-59 years","Emanuel","466","10","46"
"60-69 years","Emanuel","363","18","45"
"70-79 years","Emanuel","221","25","45"
"80 & Older years","Emanuel","103","23","28"
"<1 years","Emanuel","22","0","1"
"Unknown years","Emanuel","4","0","1"
"01-04 years","Evans","27","0","0"
"05-09 years","Evans","74","0","1"
"10-17 years","Evans","161","0","3"
"18-29 years","Evans","329","0","5"
"30-39 years","Evans","292","0","6"
"40-49 years","Evans","244","4","25"
"50-59 years","Evans","221","6","24"
"60-69 years","Evans","143","9","30"
"70-79 years","Evans","92","18","30"
"80 & Older years","Evans","37","4","17"
"<1 years","Evans","14","0","0"
"01-04 years","Fannin","63","0","1"
"05-09 years","Fannin","102","0","0"
"10-17 years","Fannin","338","0","2"
"18-29 years","Fannin","627","0","8"
"30-39 years","Fannin","484","2","14"
"40-49 years","Fannin","561","5","22"
"50-59 years","Fannin","726","8","48"
"60-69 years","Fannin","741","29","85"
"70-79 years","Fannin","543","36","101"
"80 & Older years","Fannin","283","60","77"
"<1 years","Fannin","19","0","1"
"01-04 years","Fayette","429","0","11"
"05-09 years","Fayette","795","0","7"
"10-17 years","Fayette","2090","0","20"
"18-29 years","Fayette","3409","5","71"
"30-39 years","Fayette","2658","6","85"
"40-49 years","Fayette","3340","8","131"
"50-59 years","Fayette","3367","26","222"
"60-69 years","Fayette","2523","42","222"
"70-79 years","Fayette","1356","101","268"
"80 & Older years","Fayette","744","113","216"
"<1 years","Fayette","120","0","8"
"Unknown years","Fayette","15","0","3"
"01-04 years","Floyd","577","0","11"
"05-09 years","Floyd","974","0","3"
"10-17 years","Floyd","2666","1","19"
"18-29 years","Floyd","5000","4","75"
"30-39 years","Floyd","3848","9","96"
"40-49 years","Floyd","3509","18","175"
"50-59 years","Floyd","3472","55","281"
"60-69 years","Floyd","2546","86","366"
"70-79 years","Floyd","1513","122","358"
"80 & Older years","Floyd","848","135","270"
"<1 years","Floyd","281","1","15"
"Unknown years","Floyd","39","0","0"
"01-04 years","Forsyth","1367","0","12"
"05-09 years","Forsyth","2860","0","5"
"10-17 years","Forsyth","6496","0","22"
"18-29 years","Forsyth","7746","1","72"
"30-39 years","Forsyth","7424","6","111"
"40-49 years","Forsyth","9176","16","210"
"50-59 years","Forsyth","7429","33","275"
"60-69 years","Forsyth","3986","57","285"
"70-79 years","Forsyth","2391","119","352"
"80 & Older years","Forsyth","1337","170","303"
"<1 years","Forsyth","319","0","9"
"Unknown years","Forsyth","47","0","0"
"01-04 years","Franklin","88","0","2"
"05-09 years","Franklin","156","0","0"
"10-17 years","Franklin","429","0","6"
"18-29 years","Franklin","880","1","17"
"30-39 years","Franklin","649","0","15"
"40-49 years","Franklin","663","4","29"
"50-59 years","Franklin","660","6","47"
"60-69 years","Franklin","558","12","59"
"70-79 years","Franklin","356","30","67"
"80 & Older years","Franklin","167","29","41"
"<1 years","Franklin","56","0","7"
"Unknown years","Franklin","5","0","0"
"01-04 years","Fulton","5469","0","83"
"05-09 years","Fulton","8512","0","57"
"10-17 years","Fulton","18416","1","167"
"18-29 years","Fulton","51435","8","1081"
"30-39 years","Fulton","42891","67","1353"
"40-49 years","Fulton","33032","80","1389"
"50-59 years","Fulton","27670","237","1978"
"60-69 years","Fulton","16961","436","1940"
"70-79 years","Fulton","8779","578","1584"
"80 & Older years","Fulton","5105","815","1388"
"<1 years","Fulton","1531","0","70"
"Unknown years","Fulton","191","0","110"
"01-04 years","Gilmer","98","0","6"
"05-09 years","Gilmer","104","0","1"
"10-17 years","Gilmer","387","0","6"
"18-29 years","Gilmer","699","0","32"
"30-39 years","Gilmer","638","2","32"
"40-49 years","Gilmer","668","3","34"
"50-59 years","Gilmer","812","19","68"
"60-69 years","Gilmer","778","24","106"
"70-79 years","Gilmer","533","54","131"
"80 & Older years","Gilmer","261","51","74"
"<1 years","Gilmer","43","0","4"
"Unknown years","Gilmer","2","0","0"
"01-04 years","Glascock","1","0","0"
"05-09 years","Glascock","9","0","0"
"10-17 years","Glascock","16","0","0"
"18-29 years","Glascock","51","0","1"
"30-39 years","Glascock","40","0","2"
"40-49 years","Glascock","43","0","1"
"50-59 years","Glascock","51","2","5"
"60-69 years","Glascock","27","0","5"
"70-79 years","Glascock","34","5","11"
"80 & Older years","Glascock","9","2","5"
"<1 years","Glascock","3","0","1"
"01-04 years","Glynn","514","0","4"
"05-09 years","Glynn","916","0","1"
"10-17 years","Glynn","2101","0","3"
"18-29 years","Glynn","3693","5","43"
"30-39 years","Glynn","3119","11","50"
"40-49 years","Glynn","2663","18","73"
"50-59 years","Glynn","2447","46","122"
"60-69 years","Glynn","2145","85","196"
"70-79 years","Glynn","1334","92","158"
"80 & Older years","Glynn","657","113","140"
"<1 years","Glynn","169","0","7"
"Unknown years","Glynn","23","0","0"
"01-04 years","Gordon","309","0","2"
"05-09 years","Gordon","401","1","2"
"10-17 years","Gordon","1279","0","7"
"18-29 years","Gordon","2636","3","24"
"30-39 years","Gordon","2070","4","37"
"40-49 years","Gordon","2018","11","55"
"50-59 years","Gordon","1849","30","85"
"60-69 years","Gordon","1236","66","102"
"70-79 years","Gordon","686","66","122"
"80 & Older years","Gordon","356","53","76"
"<1 years","Gordon","137","0","3"
"Unknown years","Gordon","24","0","0"
"01-04 years","Grady","153","0","1"
"05-09 years","Grady","255","0","0"
"10-17 years","Grady","511","0","5"
"18-29 years","Grady","650","0","17"
"30-39 years","Grady","558","1","18"
"40-49 years","Grady","517","3","37"
"50-59 years","Grady","508","14","50"
"60-69 years","Grady","366","12","43"
"70-79 years","Grady","287","30","72"
"80 & Older years","Grady","107","22","38"
"<1 years","Grady","106","0","4"
"Unknown years","Grady","2","0","0"
"01-04 years","Greene","64","0","2"
"05-09 years","Greene","109","0","1"
"10-17 years","Greene","304","0","8"
"18-29 years","Greene","541","0","17"
"30-39 years","Greene","459","0","20"
"40-49 years","Greene","388","4","29"
"50-59 years","Greene","523","7","41"
"60-69 years","Greene","536","14","49"
"70-79 years","Greene","435","18","81"
"80 & Older years","Greene","196","36","71"
"<1 years","Greene","26","0","5"
"Unknown years","Greene","1","0","0"
"01-04 years","Gwinnett","4835","0","42"
"05-09 years","Gwinnett","7876","0","44"
"10-17 years","Gwinnett","19243","3","112"
"18-29 years","Gwinnett","41844","19","773"
"30-39 years","Gwinnett","34044","43","834"
"40-49 years","Gwinnett","34126","115","1149"
"50-59 years","Gwinnett","28575","211","1384"
"60-69 years","Gwinnett","16556","355","1394"
"70-79 years","Gwinnett","7472","455","1222"
"80 & Older years","Gwinnett","3725","628","1052"
"<1 years","Gwinnett","1789","0","44"
"Unknown years","Gwinnett","121","0","10"
"01-04 years","Habersham","160","0","4"
"05-09 years","Habersham","218","0","0"
"10-17 years","Habersham","657","1","10"
"18-29 years","Habersham","1709","1","26"
"30-39 years","Habersham","1305","6","46"
"40-49 years","Habersham","1260","7","69"
"50-59 years","Habersham","1394","13","105"
"60-69 years","Habersham","1107","41","173"
"70-79 years","Habersham","756","78","174"
"80 & Older years","Habersham","472","100","133"
"<1 years","Habersham","82","0","11"
"Unknown years","Habersham","9","0","1"
"01-04 years","Hall","784","0","17"
"05-09 years","Hall","1389","0","13"
"10-17 years","Hall","4365","0","47"
"18-29 years","Hall","10997","9","251"
"30-39 years","Hall","7778","11","311"
"40-49 years","Hall","7614","37","435"
"50-59 years","Hall","7865","74","622"
"60-69 years","Hall","5445","142","650"
"70-79 years","Hall","3582","219","731"
"80 & Older years","Hall","1977","323","605"
"<1 years","Hall","356","1","29"
"Unknown years","Hall","89","0","10"
"01-04 years","Hancock","25","0","0"
"05-09 years","Hancock","43","0","0"
"10-17 years","Hancock","101","0","2"
"18-29 years","Hancock","259","0","3"
"30-39 years","Hancock","259","2","8"
"40-49 years","Hancock","185","2","8"
"50-59 years","Hancock","241","7","21"
"60-69 years","Hancock","236","21","41"
"70-79 years","Hancock","127","24","30"
"80 & Older years","Hancock","83","26","29"
"<1 years","Hancock","9","0","0"
"01-04 years","Haralson","70","0","0"
"05-09 years","Haralson","124","0","0"
"10-17 years","Haralson","364","0","3"
"18-29 years","Haralson","743","0","6"
"30-39 years","Haralson","532","0","8"
"40-49 years","Haralson","557","3","11"
"50-59 years","Haralson","613","7","22"
"60-69 years","Haralson","362","19","31"
"70-79 years","Haralson","229","22","26"
"80 & Older years","Haralson","101","16","15"
"<1 years","Haralson","29","0","1"
"Unknown years","Haralson","3","0","0"
"01-04 years","Harris","113","0","1"
"05-09 years","Harris","196","0","0"
"10-17 years","Harris","532","0","5"
"18-29 years","Harris","877","0","19"
"30-39 years","Harris","787","0","22"
"40-49 years","Harris","870","5","43"
"50-59 years","Harris","944","13","64"
"60-69 years","Harris","725","22","96"
"70-79 years","Harris","444","45","90"
"80 & Older years","Harris","144","19","36"
"<1 years","Harris","22","0","0"
"Unknown years","Harris","4","0","0"
"01-04 years","Hart","65","0","0"
"05-09 years","Hart","93","0","2"
"10-17 years","Hart","295","0","0"
"18-29 years","Hart","614","0","11"
"30-39 years","Hart","506","0","15"
"40-49 years","Hart","449","4","22"
"50-59 years","Hart","554","4","39"
"60-69 years","Hart","392","17","45"
"70-79 years","Hart","263","15","49"
"80 & Older years","Hart","155","25","45"
"<1 years","Hart","30","0","0"
"Unknown years","Hart","1","0","0"
"01-04 years","Heard","28","0","1"
"05-09 years","Heard","72","0","0"
"10-17 years","Heard","168","0","3"
"18-29 years","Heard","294","2","7"
"30-39 years","Heard","203","0","4"
"40-49 years","Heard","267","2","20"
"50-59 years","Heard","264","3","20"
"60-69 years","Heard","192","8","21"
"70-79 years","Heard","99","11","26"
"80 & Older years","Heard","47","10","10"
"<1 years","Heard","16","0","1"
"01-04 years","Henry","1226","0","28"
"05-09 years","Henry","2056","0","15"
"10-17 years","Henry","5269","1","65"
"18-29 years","Henry","10008","3","238"
"30-39 years","Henry","8541","14","265"
"40-49 years","Henry","9156","45","369"
"50-59 years","Henry","8338","71","473"
"60-69 years","Henry","4600","156","500"
"70-79 years","Henry","2193","173","388"
"80 & Older years","Henry","1006","184","293"
"<1 years","Henry","405","0","22"
"Unknown years","Henry","25","0","3"
"01-04 years","Houston","592","0","10"
"05-09 years","Houston","1048","0","4"
"10-17 years","Houston","2718","0","13"
"18-29 years","Houston","5476","8","80"
"30-39 years","Houston","5045","7","109"
"40-49 years","Houston","4239","20","167"
"50-59 years","Houston","3502","39","216"
"60-69 years","Houston","2322","81","271"
"70-79 years","Houston","1174","98","246"
"80 & Older years","Houston","602","92","156"
"<1 years","Houston","163","1","8"
"Unknown years","Houston","5","0","0"
"01-04 years","Irwin","11","0","0"
"05-09 years","Irwin","24","0","0"
"10-17 years","Irwin","79","0","1"
"18-29 years","Irwin","213","0","6"
"30-39 years","Irwin","179","0","10"
"40-49 years","Irwin","189","1","11"
"50-59 years","Irwin","153","3","13"
"60-69 years","Irwin","123","3","25"
"70-79 years","Irwin","67","8","11"
"80 & Older years","Irwin","48","10","32"
"<1 years","Irwin","4","0","1"
"Unknown years","Irwin","2","0","0"
"01-04 years","Jackson","358","0","8"
"05-09 years","Jackson","703","0","2"
"10-17 years","Jackson","2147","1","17"
"18-29 years","Jackson","3287","3","75"
"30-39 years","Jackson","3308","8","92"
"40-49 years","Jackson","3247","14","138"
"50-59 years","Jackson","2996","32","180"
"60-69 years","Jackson","2041","51","202"
"70-79 years","Jackson","1372","81","240"
"80 & Older years","Jackson","661","87","178"
"<1 years","Jackson","136","0","10"
"Unknown years","Jackson","10","0","1"
"01-04 years","Jasper","47","0","1"
"05-09 years","Jasper","65","0","2"
"10-17 years","Jasper","140","0","4"
"18-29 years","Jasper","346","0","14"
"30-39 years","Jasper","283","2","14"
"40-49 years","Jasper","266","1","17"
"50-59 years","Jasper","315","7","32"
"60-69 years","Jasper","241","15","54"
"70-79 years","Jasper","118","7","25"
"80 & Older years","Jasper","60","8","23"
"<1 years","Jasper","28","0","8"
"01-04 years","Jeff Davis","55","0","0"
"05-09 years","Jeff Davis","113","0","0"
"10-17 years","Jeff Davis","254","0","2"
"18-29 years","Jeff Davis","493","0","7"
"30-39 years","Jeff Davis","390","0","14"
"40-49 years","Jeff Davis","353","1","21"
"50-59 years","Jeff Davis","341","12","30"
"60-69 years","Jeff Davis","200","9","27"
"70-79 years","Jeff Davis","155","17","27"
"80 & Older years","Jeff Davis","40","10","10"
"<1 years","Jeff Davis","21","0","4"
"01-04 years","Jefferson","41","0","1"
"05-09 years","Jefferson","66","0","0"
"10-17 years","Jefferson","163","0","2"
"18-29 years","Jefferson","369","0","3"
"30-39 years","Jefferson","333","1","14"
"40-49 years","Jefferson","325","5","23"
"50-59 years","Jefferson","381","10","34"
"60-69 years","Jefferson","327","16","51"
"70-79 years","Jefferson","209","26","58"
"80 & Older years","Jefferson","94","25","38"
"<1 years","Jefferson","11","0","2"
"Unknown years","Jefferson","1","0","0"
"01-04 years","Jenkins","32","0","3"
"05-09 years","Jenkins","39","0","0"
"10-17 years","Jenkins","100","0","1"
"18-29 years","Jenkins","188","0","3"
"30-39 years","Jenkins","134","2","6"
"40-49 years","Jenkins","175","4","14"
"50-59 years","Jenkins","188","7","29"
"60-69 years","Jenkins","129","7","16"
"70-79 years","Jenkins","83","16","24"
"80 & Older years","Jenkins","55","10","13"
"<1 years","Jenkins","5","0","0"
"01-04 years","Johnson","34","0","1"
"05-09 years","Johnson","40","0","0"
"10-17 years","Johnson","102","0","1"
"18-29 years","Johnson","269","0","7"
"30-39 years","Johnson","225","1","6"
"40-49 years","Johnson","231","3","10"
"50-59 years","Johnson","222","9","19"
"60-69 years","Johnson","212","9","26"
"70-79 years","Johnson","141","12","34"
"80 & Older years","Johnson","93","24","28"
"<1 years","Johnson","23","0","3"
"01-04 years","Jones","51","0","1"
"05-09 years","Jones","98","0","0"
"10-17 years","Jones","286","0","2"
"18-29 years","Jones","806","3","22"
"30-39 years","Jones","656","3","17"
"40-49 years","Jones","633","5","33"
"50-59 years","Jones","678","10","66"
"60-69 years","Jones","455","19","77"
"70-79 years","Jones","293","35","77"
"80 & Older years","Jones","143","26","44"
"<1 years","Jones","17","0","1"
"01-04 years","Lamar","124","0","0"
"05-09 years","Lamar","198","0","0"
"10-17 years","Lamar","424","0","5"
"18-29 years","Lamar","613","0","17"
"30-39 years","Lamar","521","2","19"
"40-49 years","Lamar","458","6","26"
"50-59 years","Lamar","443","12","50"
"60-69 years","Lamar","384","26","50"
"70-79 years","Lamar","257","27","51"
"80 & Older years","Lamar","106","29","33"
"<1 years","Lamar","76","0","1"
"Unknown years","Lamar","4","0","1"
"01-04 years","Lanier","21","0","0"
"05-09 years","Lanier","34","0","1"
"10-17 years","Lanier","119","0","1"
"18-29 years","Lanier","247","2","4"
"30-39 years","Lanier","246","0","3"
"40-49 years","Lanier","188","1","6"
"50-59 years","Lanier","149","4","11"
"60-69 years","Lanier","88","4","7"
"70-79 years","Lanier","77","6","9"
"80 & Older years","Lanier","32","2","6"
"<1 years","Lanier","22","0","0"
"Unknown years","Lanier","1","0","0"
"01-04 years","Laurens","242","0","2"
"05-09 years","Laurens","413","0","3"
"10-17 years","Laurens","985","0","7"
"18-29 years","Laurens","1789","0","15"
"30-39 years","Laurens","1432","5","25"
"40-49 years","Laurens","1306","12","41"
"50-59 years","Laurens","1148","32","83"
"60-69 years","Laurens","926","60","115"
"70-79 years","Laurens","581","71","109"
"80 & Older years","Laurens","334","76","75"
"<1 years","Laurens","92","0","7"
"Unknown years","Laurens","3","0","0"
"01-04 years","Lee","95","0","0"
"05-09 years","Lee","142","0","3"
"10-17 years","Lee","415","0","7"
"18-29 years","Lee","719","1","32"
"30-39 years","Lee","793","1","39"
"40-49 years","Lee","725","9","52"
"50-59 years","Lee","611","18","85"
"60-69 years","Lee","384","25","78"
"70-79 years","Lee","183","21","54"
"80 & Older years","Lee","105","19","36"
"<1 years","Lee","40","0","0"
"Unknown years","Lee","6","0","0"
"01-04 years","Liberty","625","0","4"
"05-09 years","Liberty","802","0","4"
"10-17 years","Liberty","1370","0","4"
"18-29 years","Liberty","3877","2","33"
"30-39 years","Liberty","2239","4","45"
"40-49 years","Liberty","1358","4","34"
"50-59 years","Liberty","1117","24","80"
"60-69 years","Liberty","737","30","95"
"70-79 years","Liberty","302","25","90"
"80 & Older years","Liberty","106","20","40"
"<1 years","Liberty","203","0","4"
"Unknown years","Liberty","12","0","0"
"01-04 years","Lincoln","20","0","0"
"05-09 years","Lincoln","23","0","1"
"10-17 years","Lincoln","75","0","0"
"18-29 years","Lincoln","151","0","5"
"30-39 years","Lincoln","135","0","6"
"40-49 years","Lincoln","132","1","10"
"50-59 years","Lincoln","134","3","8"
"60-69 years","Lincoln","115","8","25"
"70-79 years","Lincoln","83","10","22"
"80 & Older years","Lincoln","28","7","11"
"<1 years","Lincoln","6","0","1"
"Unknown years","Lincoln","1","0","0"
"01-04 years","Long","119","0","2"
"05-09 years","Long","164","0","0"
"10-17 years","Long","343","1","0"
"18-29 years","Long","550","0","5"
"30-39 years","Long","506","2","12"
"40-49 years","Long","336","4","18"
"50-59 years","Long","238","4","20"
"60-69 years","Long","169","5","20"
"70-79 years","Long","78","8","19"
"80 & Older years","Long","30","2","11"
"<1 years","Long","56","0","1"
"Unknown years","Long","1","0","0"
"01-04 years","Lowndes","505","0","1"
"05-09 years","Lowndes","589","0","1"
"10-17 years","Lowndes","1370","0","11"
"18-29 years","Lowndes","4816","6","49"
"30-39 years","Lowndes","2999","8","52"
"40-49 years","Lowndes","2181","16","81"
"50-59 years","Lowndes","1861","30","113"
"60-69 years","Lowndes","1364","60","151"
"70-79 years","Lowndes","841","80","144"
"80 & Older years","Lowndes","457","90","100"
"<1 years","Lowndes","239","0","4"
"Unknown years","Lowndes","7","0","0"
"01-04 years","Lumpkin","122","0","2"
"05-09 years","Lumpkin","200","0","2"
"10-17 years","Lumpkin","531","0","4"
"18-29 years","Lumpkin","1754","0","25"
"30-39 years","Lumpkin","1003","2","26"
"40-49 years","Lumpkin","941","1","41"
"50-59 years","Lumpkin","1044","14","88"
"60-69 years","Lumpkin","932","23","101"
"70-79 years","Lumpkin","625","25","120"
"80 & Older years","Lumpkin","294","49","111"
"<1 years","Lumpkin","68","0","3"
"Unknown years","Lumpkin","4","0","1"
"01-04 years","Macon","29","0","0"
"05-09 years","Macon","32","0","0"
"10-17 years","Macon","69","0","0"
"18-29 years","Macon","254","0","6"
"30-39 years","Macon","222","1","8"
"40-49 years","Macon","220","4","9"
"50-59 years","Macon","224","6","28"
"60-69 years","Macon","154","11","35"
"70-79 years","Macon","98","12","26"
"80 & Older years","Macon","31","10","11"
"<1 years","Macon","8","0","0"
"Unknown years","Macon","1","0","1"
"01-04 years","Madison","167","0","7"
"05-09 years","Madison","234","0","1"
"10-17 years","Madison","621","0","5"
"18-29 years","Madison","1220","0","45"
"30-39 years","Madison","974","1","43"
"40-49 years","Madison","911","2","51"
"50-59 years","Madison","952","19","72"
"60-69 years","Madison","673","22","100"
"70-79 years","Madison","428","30","115"
"80 & Older years","Madison","168","28","54"
"<1 years","Madison","89","0","10"
"Unknown years","Madison","2","0","0"
"01-04 years","Marion","23","0","0"
"05-09 years","Marion","35","0","1"
"10-17 years","Marion","119","0","0"
"18-29 years","Marion","171","0","7"
"30-39 years","Marion","151","0","7"
"40-49 years","Marion","148","3","9"
"50-59 years","Marion","144","7","18"
"60-69 years","Marion","122","13","22"
"70-79 years","Marion","68","8","21"
"80 & Older years","Marion","51","12","18"
"<1 years","Marion","9","0","0"
"01-04 years","McDuffie","69","0","2"
"05-09 years","McDuffie","92","0","0"
"10-17 years","McDuffie","254","0","2"
"18-29 years","McDuffie","680","0","15"
"30-39 years","McDuffie","515","2","12"
"40-49 years","McDuffie","474","3","26"
"50-59 years","McDuffie","446","13","53"
"60-69 years","McDuffie","324","19","67"
"70-79 years","McDuffie","205","23","71"
"80 & Older years","McDuffie","96","23","41"
"<1 years","McDuffie","21","0","3"
"Unknown years","McDuffie","1","0","0"
"01-04 years","McIntosh","53","0","1"
"05-09 years","McIntosh","78","0","1"
"10-17 years","McIntosh","238","0","0"
"18-29 years","McIntosh","355","0","5"
"30-39 years","McIntosh","292","0","4"
"40-49 years","McIntosh","289","0","6"
"50-59 years","McIntosh","345","5","15"
"60-69 years","McIntosh","271","9","33"
"70-79 years","McIntosh","173","9","28"
"80 & Older years","McIntosh","67","12","16"
"<1 years","McIntosh","10","0","0"
"Unknown years","McIntosh","1","0","0"
"01-04 years","Meriwether","101","0","3"
"05-09 years","Meriwether","114","0","1"
"10-17 years","Meriwether","253","1","3"
"18-29 years","Meriwether","629","0","20"
"30-39 years","Meriwether","463","3","31"
"40-49 years","Meriwether","534","5","39"
"50-59 years","Meriwether","542","13","58"
"60-69 years","Meriwether","519","24","69"
"70-79 years","Meriwether","356","39","73"
"80 & Older years","Meriwether","170","40","40"
"<1 years","Meriwether","45","0","5"
"Unknown years","Meriwether","2","0","1"
"01-04 years","Miller","45","0","0"
"05-09 years","Miller","62","0","0"
"10-17 years","Miller","195","0","1"
"18-29 years","Miller","217","1","2"
"30-39 years","Miller","197","0","1"
"40-49 years","Miller","175","1","7"
"50-59 years","Miller","217","4","21"
"60-69 years","Miller","162","4","16"
"70-79 years","Miller","70","5","8"
"80 & Older years","Miller","56","4","9"
"<1 years","Miller","8","0","0"
"01-04 years","Mitchell","78","0","2"
"05-09 years","Mitchell","119","0","0"
"10-17 years","Mitchell","281","0","8"
"18-29 years","Mitchell","593","1","22"
"30-39 years","Mitchell","528","1","24"
"40-49 years","Mitchell","471","7","31"
"50-59 years","Mitchell","490","14","72"
"60-69 years","Mitchell","374","21","68"
"70-79 years","Mitchell","233","27","68"
"80 & Older years","Mitchell","143","33","45"
"<1 years","Mitchell","32","0","3"
"Unknown years","Mitchell","1","0","0"
"01-04 years","Monroe","50","1","4"
"05-09 years","Monroe","86","0","1"
"10-17 years","Monroe","271","0","1"
"18-29 years","Monroe","758","2","11"
"30-39 years","Monroe","651","0","13"
"40-49 years","Monroe","715","9","32"
"50-59 years","Monroe","709","10","44"
"60-69 years","Monroe","590","32","78"
"70-79 years","Monroe","328","36","67"
"80 & Older years","Monroe","176","49","49"
"<1 years","Monroe","24","0","2"
"01-04 years","Montgomery","22","0","0"
"05-09 years","Montgomery","29","0","0"
"10-17 years","Montgomery","127","0","1"
"18-29 years","Montgomery","318","1","3"
"30-39 years","Montgomery","243","2","6"
"40-49 years","Montgomery","221","1","5"
"50-59 years","Montgomery","208","6","17"
"60-69 years","Montgomery","183","9","17"
"70-79 years","Montgomery","118","19","21"
"80 & Older years","Montgomery","49","11","9"
"<1 years","Montgomery","11","0","0"
"Unknown years","Montgomery","1","0","0"
"01-04 years","Morgan","83","0","2"
"05-09 years","Morgan","111","0","2"
"10-17 years","Morgan","247","0","2"
"18-29 years","Morgan","556","0","20"
"30-39 years","Morgan","474","1","17"
"40-49 years","Morgan","457","1","16"
"50-59 years","Morgan","496","8","36"
"60-69 years","Morgan","347","9","40"
"70-79 years","Morgan","267","11","51"
"80 & Older years","Morgan","145","28","53"
"<1 years","Morgan","44","0","2"
"Unknown years","Morgan","11","0","0"
"01-04 years","Murray","239","0","4"
"05-09 years","Murray","339","0","3"
"10-17 years","Murray","1038","0","2"
"18-29 years","Murray","2059","0","21"
"30-39 years","Murray","1524","4","19"
"40-49 years","Murray","1553","10","46"
"50-59 years","Murray","1360","21","86"
"60-69 years","Murray","937","35","104"
"70-79 years","Murray","566","64","101"
"80 & Older years","Murray","235","44","48"
"<1 years","Murray","118","0","3"
"01-04 years","Muscogee","801","0","13"
"05-09 years","Muscogee","1422","0","1"
"10-17 years","Muscogee","3249","0","35"
"18-29 years","Muscogee","7784","14","210"
"30-39 years","Muscogee","6140","11","248"
"40-49 years","Muscogee","4867","27","303"
"50-59 years","Muscogee","4596","98","478"
"60-69 years","Muscogee","3525","178","591"
"70-79 years","Muscogee","1857","181","450"
"80 & Older years","Muscogee","1038","242","361"
"<1 years","Muscogee","269","0","13"
"Unknown years","Muscogee","28","0","3"
"01-04 years","Newton","441","0","48"
"05-09 years","Newton","924","0","27"
"10-17 years","Newton","1961","0","99"
"18-29 years","Newton","3982","2","326"
"30-39 years","Newton","3411","9","310"
"40-49 years","Newton","3506","22","327"
"50-59 years","Newton","3212","58","409"
"60-69 years","Newton","1809","84","366"
"70-79 years","Newton","1096","111","349"
"80 & Older years","Newton","572","129","225"
"<1 years","Newton","162","0","39"
"Unknown years","Newton","5","0","2"
"01-04 years","Non-GA Resident/Unknown State","1438","0","25"
"05-09 years","Non-GA Resident/Unknown State","2129","0","17"
"10-17 years","Non-GA Resident/Unknown State","4856","0","37"
"18-29 years","Non-GA Resident/Unknown State","15392","10","297"
"30-39 years","Non-GA Resident/Unknown State","12184","22","329"
"40-49 years","Non-GA Resident/Unknown State","10962","50","383"
"50-59 years","Non-GA Resident/Unknown State","10312","135","595"
"60-69 years","Non-GA Resident/Unknown State","7370","255","742"
"70-79 years","Non-GA Resident/Unknown State","4456","285","726"
"80 & Older years","Non-GA Resident/Unknown State","2275","259","520"
"<1 years","Non-GA Resident/Unknown State","761","0","35"
"Unknown years","Non-GA Resident/Unknown State","1306","0","179"
"01-04 years","Oconee","180","0","2"
"05-09 years","Oconee","333","0","1"
"10-17 years","Oconee","904","0","7"
"18-29 years","Oconee","1217","0","21"
"30-39 years","Oconee","984","1","18"
"40-49 years","Oconee","1313","3","40"
"50-59 years","Oconee","1121","7","38"
"60-69 years","Oconee","785","16","61"
"70-79 years","Oconee","454","23","58"
"80 & Older years","Oconee","278","47","83"
"<1 years","Oconee","45","0","1"
"01-04 years","Oglethorpe","63","0","1"
"05-09 years","Oglethorpe","103","0","0"
"10-17 years","Oglethorpe","248","0","4"
"18-29 years","Oglethorpe","467","0","18"
"30-39 years","Oglethorpe","350","2","15"
"40-49 years","Oglethorpe","375","5","30"
"50-59 years","Oglethorpe","373","1","42"
"60-69 years","Oglethorpe","290","9","46"
"70-79 years","Oglethorpe","209","17","39"
"80 & Older years","Oglethorpe","111","20","43"
"<1 years","Oglethorpe","34","0","1"
"Unknown years","Oglethorpe","1","0","0"
"01-04 years","Paulding","806","0","9"
"05-09 years","Paulding","1301","0","1"
"10-17 years","Paulding","3068","0","18"
"18-29 years","Paulding","5518","1","53"
"30-39 years","Paulding","5125","8","65"
"40-49 years","Paulding","4954","16","91"
"50-59 years","Paulding","4436","42","152"
"60-69 years","Paulding","2407","72","150"
"70-79 years","Paulding","1252","82","141"
"80 & Older years","Paulding","677","108","111"
"<1 years","Paulding","311","0","5"
"Unknown years","Paulding","33","0","0"
"01-04 years","Peach","84","0","2"
"05-09 years","Peach","100","0","0"
"10-17 years","Peach","269","0","2"
"18-29 years","Peach","903","1","17"
"30-39 years","Peach","714","4","23"
"40-49 years","Peach","596","9","36"
"50-59 years","Peach","621","14","62"
"60-69 years","Peach","553","27","81"
"70-79 years","Peach","284","31","71"
"80 & Older years","Peach","124","24","46"
"<1 years","Peach","20","0","0"
"01-04 years","Pickens","80","0","9"
"05-09 years","Pickens","124","0","4"
"10-17 years","Pickens","346","0","4"
"18-29 years","Pickens","927","0","26"
"30-39 years","Pickens","765","5","39"
"40-49 years","Pickens","786","3","51"
"50-59 years","Pickens","938","13","75"
"60-69 years","Pickens","811","25","124"
"70-79 years","Pickens","596","44","127"
"80 & Older years","Pickens","257","45","79"
"<1 years","Pickens","31","0","6"
"Unknown years","Pickens","1","0","0"
"01-04 years","Pierce","70","0","0"
"05-09 years","Pierce","101","0","1"
"10-17 years","Pierce","284","1","2"
"18-29 years","Pierce","517","0","11"
"30-39 years","Pierce","410","4","17"
"40-49 years","Pierce","450","6","37"
"50-59 years","Pierce","420","17","49"
"60-69 years","Pierce","331","23","79"
"70-79 years","Pierce","220","29","76"
"80 & Older years","Pierce","98","26","35"
"<1 years","Pierce","36","0","1"
"Unknown years","Pierce","3","0","0"
"01-04 years","Pike","98","0","0"
"05-09 years","Pike","132","0","0"
"10-17 years","Pike","318","0","1"
"18-29 years","Pike","446","2","11"
"30-39 years","Pike","458","2","13"
"40-49 years","Pike","471","4","20"
"50-59 years","Pike","430","15","35"
"60-69 years","Pike","301","18","52"
"70-79 years","Pike","186","18","46"
"80 & Older years","Pike","89","18","24"
"<1 years","Pike","37","0","0"
"01-04 years","Polk","231","0","2"
"05-09 years","Polk","348","0","4"
"10-17 years","Polk","1004","0","9"
"18-29 years","Polk","2089","0","34"
"30-39 years","Polk","1577","2","42"
"40-49 years","Polk","1448","8","71"
"50-59 years","Polk","1410","27","146"
"60-69 years","Polk","977","40","161"
"70-79 years","Polk","649","50","165"
"80 & Older years","Polk","298","45","86"
"<1 years","Polk","142","0","4"
"Unknown years","Polk","7","0","1"
"01-04 years","Pulaski","36","0","0"
"05-09 years","Pulaski","51","0","0"
"10-17 years","Pulaski","126","0","1"
"18-29 years","Pulaski","235","0","3"
"30-39 years","Pulaski","212","1","3"
"40-49 years","Pulaski","184","0","10"
"50-59 years","Pulaski","192","4","11"
"60-69 years","Pulaski","156","14","17"
"70-79 years","Pulaski","76","14","18"
"80 & Older years","Pulaski","51","15","8"
"<1 years","Pulaski","16","0","0"
"Unknown years","Pulaski","25","0","0"
"01-04 years","Putnam","69","0","0"
"05-09 years","Putnam","124","0","1"
"10-17 years","Putnam","323","0","3"
"18-29 years","Putnam","650","0","8"
"30-39 years","Putnam","579","3","20"
"40-49 years","Putnam","479","4","25"
"50-59 years","Putnam","640","5","45"
"60-69 years","Putnam","564","28","67"
"70-79 years","Putnam","420","36","99"
"80 & Older years","Putnam","178","27","51"
"<1 years","Putnam","25","0","1"
"01-04 years","Quitman","8","0","0"
"05-09 years","Quitman","15","0","0"
"10-17 years","Quitman","28","0","0"
"18-29 years","Quitman","39","0","2"
"30-39 years","Quitman","33","0","2"
"40-49 years","Quitman","17","0","1"
"50-59 years","Quitman","41","0","4"
"60-69 years","Quitman","48","1","7"
"70-79 years","Quitman","15","1","2"
"80 & Older years","Quitman","12","1","4"
"<1 years","Quitman","5","0","1"
"01-04 years","Rabun","55","0","0"
"05-09 years","Rabun","96","0","0"
"10-17 years","Rabun","272","0","2"
"18-29 years","Rabun","426","2","10"
"30-39 years","Rabun","346","2","16"
"40-49 years","Rabun","383","3","25"
"50-59 years","Rabun","454","8","52"
"60-69 years","Rabun","456","15","52"
"70-79 years","Rabun","353","28","71"
"80 & Older years","Rabun","142","26","50"
"<1 years","Rabun","25","0","1"
"Unknown years","Rabun","1","0","0"
"01-04 years","Randolph","19","0","1"
"05-09 years","Randolph","44","0","0"
"10-17 years","Randolph","94","0","3"
"18-29 years","Randolph","144","1","7"
"30-39 years","Randolph","125","2","10"
"40-49 years","Randolph","95","0","9"
"50-59 years","Randolph","142","7","29"
"60-69 years","Randolph","113","11","25"
"70-79 years","Randolph","77","7","21"
"80 & Older years","Randolph","59","15","18"
"<1 years","Randolph","4","0","0"
"01-04 years","Richmond","887","0","18"
"05-09 years","Richmond","1496","1","16"
"10-17 years","Richmond","3391","0","51"
"18-29 years","Richmond","9834","16","147"
"30-39 years","Richmond","7389","16","205"
"40-49 years","Richmond","5458","36","241"
"50-59 years","Richmond","4954","78","420"
"60-69 years","Richmond","3831","165","517"
"70-79 years","Richmond","2019","197","529"
"80 & Older years","Richmond","1099","232","400"
"<1 years","Richmond","307","0","20"
"Unknown years","Richmond","21","0","0"
"01-04 years","Rockdale","380","0","40"
"05-09 years","Rockdale","654","0","34"
"10-17 years","Rockdale","1629","0","91"
"18-29 years","Rockdale","3327","5","286"
"30-39 years","Rockdale","2840","5","311"
"40-49 years","Rockdale","2882","12","303"
"50-59 years","Rockdale","2881","32","381"
"60-69 years","Rockdale","1780","70","345"
"70-79 years","Rockdale","1007","89","316"
"80 & Older years","Rockdale","533","92","241"
"<1 years","Rockdale","110","0","17"
"Unknown years","Rockdale","7","0","6"
"01-04 years","Schley","14","0","0"
"05-09 years","Schley","21","0","0"
"10-17 years","Schley","65","0","0"
"18-29 years","Schley","95","0","3"
"30-39 years","Schley","78","0","0"
"40-49 years","Schley","90","0","5"
"50-59 years","Schley","86","2","8"
"60-69 years","Schley","59","1","8"
"70-79 years","Schley","43","6","9"
"80 & Older years","Schley","13","2","3"
"<1 years","Schley","5","0","0"
"01-04 years","Screven","38","0","2"
"05-09 years","Screven","82","0","0"
"10-17 years","Screven","230","0","1"
"18-29 years","Screven","332","0","9"
"30-39 years","Screven","308","1","7"
"40-49 years","Screven","253","4","14"
"50-59 years","Screven","262","6","23"
"60-69 years","Screven","241","6","26"
"70-79 years","Screven","143","10","25"
"80 & Older years","Screven","72","9","19"
"<1 years","Screven","19","0","0"
"Unknown years","Screven","1","0","0"
"01-04 years","Seminole","46","0","0"
"05-09 years","Seminole","64","0","0"
"10-17 years","Seminole","192","0","1"
"18-29 years","Seminole","297","0","5"
"30-39 years","Seminole","243","1","5"
"40-49 years","Seminole","220","0","11"
"50-59 years","Seminole","240","4","11"
"60-69 years","Seminole","242","7","36"
"70-79 years","Seminole","154","7","25"
"80 & Older years","Seminole","75","8","27"
"<1 years","Seminole","24","0","1"
"Unknown years","Seminole","1","0","0"
"01-04 years","Spalding","301","0","3"
"05-09 years","Spalding","391","0","1"
"10-17 years","Spalding","900","0","8"
"18-29 years","Spalding","2145","4","61"
"30-39 years","Spalding","1858","7","69"
"40-49 years","Spalding","1662","18","96"
"50-59 years","Spalding","1606","42","146"
"60-69 years","Spalding","1258","94","196"
"70-79 years","Spalding","816","103","170"
"80 & Older years","Spalding","454","99","118"
"<1 years","Spalding","119","0","5"
"Unknown years","Spalding","11","0","2"
"01-04 years","Stephens","103","0","3"
"05-09 years","Stephens","164","0","1"
"10-17 years","Stephens","545","0","3"
"18-29 years","Stephens","1162","1","28"
"30-39 years","Stephens","786","0","14"
"40-49 years","Stephens","892","1","31"
"50-59 years","Stephens","942","17","66"
"60-69 years","Stephens","866","36","100"
"70-79 years","Stephens","565","44","109"
"80 & Older years","Stephens","281","40","58"
"<1 years","Stephens","42","0","1"
"Unknown years","Stephens","1","0","0"
"01-04 years","Stewart","12","0","1"
"05-09 years","Stewart","24","0","0"
"10-17 years","Stewart","62","0","1"
"18-29 years","Stewart","819","0","24"
"30-39 years","Stewart","668","1","28"
"40-49 years","Stewart","417","2","25"
"50-59 years","Stewart","215","3","22"
"60-69 years","Stewart","114","16","35"
"70-79 years","Stewart","48","4","10"
"80 & Older years","Stewart","39","6","11"
"<1 years","Stewart","5","0","0"
"Unknown years","Stewart","8","0","0"
"01-04 years","Sumter","91","0","1"
"05-09 years","Sumter","144","0","0"
"10-17 years","Sumter","303","0","10"
"18-29 years","Sumter","807","2","30"
"30-39 years","Sumter","637","2","42"
"40-49 years","Sumter","580","12","47"
"50-59 years","Sumter","607","15","74"
"60-69 years","Sumter","487","36","103"
"70-79 years","Sumter","291","40","82"
"80 & Older years","Sumter","204","52","84"
"<1 years","Sumter","57","0","4"
"01-04 years","Talbot","33","0","1"
"05-09 years","Talbot","41","0","0"
"10-17 years","Talbot","83","0","1"
"18-29 years","Talbot","172","0","5"
"30-39 years","Talbot","125","0","4"
"40-49 years","Talbot","142","3","6"
"50-59 years","Talbot","162","6","15"
"60-69 years","Talbot","138","8","28"
"70-79 years","Talbot","74","8","14"
"80 & Older years","Talbot","43","7","16"
"<1 years","Talbot","8","0","0"
"01-04 years","Taliaferro","3","0","0"
"05-09 years","Taliaferro","3","0","0"
"10-17 years","Taliaferro","14","0","0"
"18-29 years","Taliaferro","34","0","2"
"30-39 years","Taliaferro","32","0","0"
"40-49 years","Taliaferro","34","0","3"
"50-59 years","Taliaferro","22","0","1"
"60-69 years","Taliaferro","31","1","4"
"70-79 years","Taliaferro","18","1","7"
"80 & Older years","Taliaferro","5","1","3"
"<1 years","Taliaferro","1","0","0"
"01-04 years","Tattnall","90","0","1"
"05-09 years","Tattnall","131","0","1"
"10-17 years","Tattnall","340","0","2"
"18-29 years","Tattnall","671","1","4"
"30-39 years","Tattnall","596","2","11"
"40-49 years","Tattnall","537","0","16"
"50-59 years","Tattnall","536","17","38"
"60-69 years","Tattnall","374","23","52"
"70-79 years","Tattnall","199","33","53"
"80 & Older years","Tattnall","74","8","17"
"<1 years","Tattnall","39","0","1"
"Unknown years","Tattnall","1","0","0"
"01-04 years","Taylor","34","0","2"
"05-09 years","Taylor","87","0","0"
"10-17 years","Taylor","124","0","1"
"18-29 years","Taylor","204","1","6"
"30-39 years","Taylor","155","1","5"
"40-49 years","Taylor","200","2","20"
"50-59 years","Taylor","158","4","25"
"60-69 years","Taylor","140","9","28"
"70-79 years","Taylor","78","12","22"
"80 & Older years","Taylor","53","12","16"
"<1 years","Taylor","12","0","1"
"01-04 years","Telfair","20","0","0"
"05-09 years","Telfair","33","0","0"
"10-17 years","Telfair","73","0","1"
"18-29 years","Telfair","262","0","4"
"30-39 years","Telfair","206","1","5"
"40-49 years","Telfair","206","2","8"
"50-59 years","Telfair","185","8","17"
"60-69 years","Telfair","165","13","25"
"70-79 years","Telfair","108","18","26"
"80 & Older years","Telfair","56","17","14"
"<1 years","Telfair","10","0","0"
"Unknown years","Telfair","1","0","0"
"01-04 years","Terrell","31","0","0"
"05-09 years","Terrell","45","0","0"
"10-17 years","Terrell","201","0","1"
"18-29 years","Terrell","178","0","10"
"30-39 years","Terrell","160","0","16"
"40-49 years","Terrell","145","2","16"
"50-59 years","Terrell","179","10","33"
"60-69 years","Terrell","157","14","49"
"70-79 years","Terrell","92","21","34"
"80 & Older years","Terrell","60","19","22"
"<1 years","Terrell","10","0","0"
"01-04 years","Thomas","325","1","2"
"05-09 years","Thomas","562","0","4"
"10-17 years","Thomas","1195","0","3"
"18-29 years","Thomas","1612","2","48"
"30-39 years","Thomas","1326","5","41"
"40-49 years","Thomas","1235","12","69"
"50-59 years","Thomas","1252","27","111"
"60-69 years","Thomas","930","33","167"
"70-79 years","Thomas","534","49","127"
"80 & Older years","Thomas","301","59","101"
"<1 years","Thomas","155","0","5"
"Unknown years","Thomas","3","0","0"
"01-04 years","Tift","178","0","8"
"05-09 years","Tift","242","0","5"
"10-17 years","Tift","580","0","13"
"18-29 years","Tift","1419","2","43"
"30-39 years","Tift","1052","4","55"
"40-49 years","Tift","951","11","80"
"50-59 years","Tift","829","20","97"
"60-69 years","Tift","655","31","116"
"70-79 years","Tift","401","49","118"
"80 & Older years","Tift","241","53","85"
"<1 years","Tift","92","0","5"
"Unknown years","Tift","2","0","0"
"01-04 years","Toombs","87","0","1"
"05-09 years","Toombs","152","0","0"
"10-17 years","Toombs","435","0","2"
"18-29 years","Toombs","1126","1","16"
"30-39 years","Toombs","883","2","10"
"40-49 years","Toombs","802","9","39"
"50-59 years","Toombs","822","20","43"
"60-69 years","Toombs","714","36","85"
"70-79 years","Toombs","470","49","58"
"80 & Older years","Toombs","256","58","47"
"<1 years","Toombs","40","0","2"
"01-04 years","Towns","21","0","0"
"05-09 years","Towns","32","0","1"
"10-17 years","Towns","100","0","2"
"18-29 years","Towns","294","0","5"
"30-39 years","Towns","194","1","6"
"40-49 years","Towns","237","3","7"
"50-59 years","Towns","368","9","33"
"60-69 years","Towns","446","13","36"
"70-79 years","Towns","348","21","61"
"80 & Older years","Towns","238","42","75"
"<1 years","Towns","9","0","0"
"Unknown years","Towns","2","0","0"
"01-04 years","Treutlen","20","0","0"
"05-09 years","Treutlen","38","0","1"
"10-17 years","Treutlen","97","0","1"
"18-29 years","Treutlen","231","0","4"
"30-39 years","Treutlen","208","0","6"
"40-49 years","Treutlen","181","5","7"
"50-59 years","Treutlen","169","3","12"
"60-69 years","Treutlen","122","8","17"
"70-79 years","Treutlen","88","19","14"
"80 & Older years","Treutlen","51","14","12"
"<1 years","Treutlen","2","0","0"
"Unknown years","Treutlen","1","0","0"
"01-04 years","Troup","400","0","3"
"05-09 years","Troup","553","0","1"
"10-17 years","Troup","1238","0","13"
"18-29 years","Troup","2840","3","50"
"30-39 years","Troup","2260","10","69"
"40-49 years","Troup","1878","14","80"
"50-59 years","Troup","1844","44","160"
"60-69 years","Troup","1328","68","157"
"70-79 years","Troup","738","77","144"
"80 & Older years","Troup","468","115","93"
"<1 years","Troup","177","0","5"
"Unknown years","Troup","3","0","0"
"01-04 years","Turner","21","0","0"
"05-09 years","Turner","29","0","1"
"10-17 years","Turner","57","0","2"
"18-29 years","Turner","216","0","7"
"30-39 years","Turner","223","1","16"
"40-49 years","Turner","202","1","11"
"50-59 years","Turner","175","2","20"
"60-69 years","Turner","136","11","37"
"70-79 years","Turner","77","15","22"
"80 & Older years","Turner","46","18","18"
"<1 years","Turner","20","0","1"
"01-04 years","Twiggs","31","0","1"
"05-09 years","Twiggs","24","0","1"
"10-17 years","Twiggs","76","0","1"
"18-29 years","Twiggs","163","0","3"
"30-39 years","Twiggs","150","1","5"
"40-49 years","Twiggs","153","2","14"
"50-59 years","Twiggs","205","4","30"
"60-69 years","Twiggs","197","13","48"
"70-79 years","Twiggs","104","18","40"
"80 & Older years","Twiggs","45","17","23"
"<1 years","Twiggs","5","0","0"
"01-04 years","Union","46","0","0"
"05-09 years","Union","86","0","0"
"10-17 years","Union","265","0","2"
"18-29 years","Union","615","1","8"
"30-39 years","Union","574","3","13"
"40-49 years","Union","545","2","24"
"50-59 years","Union","719","10","56"
"60-69 years","Union","898","23","91"
"70-79 years","Union","781","42","134"
"80 & Older years","Union","391","68","117"
"<1 years","Union","27","0","2"
"Unknown years","Union","16","0","0"
"01-04 years","Unknown","373","0","3"
"05-09 years","Unknown","547","0","0"
"10-17 years","Unknown","1116","0","1"
"18-29 years","Unknown","2367","0","9"
"30-39 years","Unknown","1602","0","10"
"40-49 years","Unknown","1516","0","8"
"50-59 years","Unknown","1196","0","10"
"60-69 years","Unknown","717","2","20"
"70-79 years","Unknown","348","0","17"
"80 & Older years","Unknown","159","1","16"
"<1 years","Unknown","229","0","6"
"Unknown years","Unknown","113","0","4"
"01-04 years","Upson","155","0","2"
"05-09 years","Upson","208","0","0"
"10-17 years","Upson","457","1","6"
"18-29 years","Upson","854","0","21"
"30-39 years","Upson","672","2","16"
"40-49 years","Upson","618","3","30"
"50-59 years","Upson","631","18","61"
"60-69 years","Upson","531","42","88"
"70-79 years","Upson","356","57","94"
"80 & Older years","Upson","190","59","70"
"<1 years","Upson","67","0","3"
"Unknown years","Upson","5","0","0"
"01-04 years","Walker","303","0","3"
"05-09 years","Walker","521","0","2"
"10-17 years","Walker","1342","0","12"
"18-29 years","Walker","2737","0","33"
"30-39 years","Walker","2212","2","34"
"40-49 years","Walker","2341","12","77"
"50-59 years","Walker","2114","17","91"
"60-69 years","Walker","1620","45","131"
"70-79 years","Walker","1046","64","134"
"80 & Older years","Walker","491","64","89"
"<1 years","Walker","130","0","6"
"Unknown years","Walker","29","0","3"
"01-04 years","Walton","344","0","19"
"05-09 years","Walton","559","0","24"
"10-17 years","Walton","1501","0","50"
"18-29 years","Walton","3146","3","199"
"30-39 years","Walton","2817","8","172"
"40-49 years","Walton","2830","13","217"
"50-59 years","Walton","2758","37","278"
"60-69 years","Walton","1853","67","316"
"70-79 years","Walton","1224","122","325"
"80 & Older years","Walton","720","149","258"
"<1 years","Walton","154","0","19"
"Unknown years","Walton","3","0","0"
"01-04 years","Ware","180","0","1"
"05-09 years","Ware","242","0","0"
"10-17 years","Ware","620","0","4"
"18-29 years","Ware","1170","3","22"
"30-39 years","Ware","964","4","40"
"40-49 years","Ware","876","5","62"
"50-59 years","Ware","788","35","138"
"60-69 years","Ware","607","42","131"
"70-79 years","Ware","438","57","147"
"80 & Older years","Ware","290","80","91"
"<1 years","Ware","69","0","2"
"Unknown years","Ware","7","0","0"
"01-04 years","Warren","12","0","0"
"05-09 years","Warren","17","0","1"
"10-17 years","Warren","50","0","1"
"18-29 years","Warren","141","0","4"
"30-39 years","Warren","107","0","6"
"40-49 years","Warren","99","3","9"
"50-59 years","Warren","99","3","11"
"60-69 years","Warren","79","3","14"
"70-79 years","Warren","65","8","18"
"80 & Older years","Warren","30","7","12"
"<1 years","Warren","10","0","1"
"Unknown years","Warren","1","0","0"
"01-04 years","Washington","119","0","0"
"05-09 years","Washington","162","0","0"
"10-17 years","Washington","403","1","5"
"18-29 years","Washington","591","0","8"
"30-39 years","Washington","526","2","16"
"40-49 years","Washington","487","6","16"
"50-59 years","Washington","454","10","21"
"60-69 years","Washington","376","18","40"
"70-79 years","Washington","190","15","32"
"80 & Older years","Washington","93","30","16"
"<1 years","Washington","44","0","0"
"Unknown years","Washington","1","0","0"
"01-04 years","Wayne","104","0","3"
"05-09 years","Wayne","183","0","1"
"10-17 years","Wayne","552","0","4"
"18-29 years","Wayne","1051","1","18"
"30-39 years","Wayne","982","7","25"
"40-49 years","Wayne","988","12","67"
"50-59 years","Wayne","886","27","74"
"60-69 years","Wayne","675","45","120"
"70-79 years","Wayne","474","48","134"
"80 & Older years","Wayne","216","44","62"
"<1 years","Wayne","54","0","3"
"Unknown years","Wayne","1","0","0"
"01-04 years","Webster","1","0","0"
"05-09 years","Webster","10","0","0"
"10-17 years","Webster","20","0","0"
"18-29 years","Webster","50","0","3"
"30-39 years","Webster","29","0","2"
"40-49 years","Webster","42","0","2"
"50-59 years","Webster","44","3","8"
"60-69 years","Webster","41","1","7"
"70-79 years","Webster","22","3","5"
"80 & Older years","Webster","9","2","3"
"<1 years","Webster","4","0","0"
"01-04 years","Wheeler","12","0","0"
"05-09 years","Wheeler","12","0","1"
"10-17 years","Wheeler","51","0","0"
"18-29 years","Wheeler","168","0","0"
"30-39 years","Wheeler","196","2","2"
"40-49 years","Wheeler","181","3","5"
"50-59 years","Wheeler","159","9","11"
"60-69 years","Wheeler","86","6","11"
"70-79 years","Wheeler","60","10","14"
"80 & Older years","Wheeler","17","5","2"
"<1 years","Wheeler","7","0","0"
"Unknown years","Wheeler","23","0","1"
"01-04 years","White","92","0","1"
"05-09 years","White","194","0","1"
"10-17 years","White","613","0","2"
"18-29 years","White","1072","2","17"
"30-39 years","White","859","3","13"
"40-49 years","White","968","8","40"
"50-59 years","White","1092","12","76"
"60-69 years","White","969","23","103"
"70-79 years","White","769","43","137"
"80 & Older years","White","407","56","111"
"<1 years","White","42","0","2"
"Unknown years","White","4","0","0"
"01-04 years","Whitfield","569","0","3"
"05-09 years","Whitfield","984","0","5"
"10-17 years","Whitfield","2916","0","14"
"18-29 years","Whitfield","6778","3","73"
"30-39 years","Whitfield","4676","7","94"
"40-49 years","Whitfield","4426","13","125"
"50-59 years","Whitfield","3999","61","195"
"60-69 years","Whitfield","2463","82","224"
"70-79 years","Whitfield","1461","104","217"
"80 & Older years","Whitfield","781","148","170"
"<1 years","Whitfield","253","0","6"
"Unknown years","Whitfield","1","0","0"
"01-04 years","Wilcox","30","0","1"
"05-09 years","Wilcox","34","0","1"
"10-17 years","Wilcox","67","0","0"
"18-29 years","Wilcox","122","0","2"
"30-39 years","Wilcox","111","0","3"
"40-49 years","Wilcox","126","0","13"
"50-59 years","Wilcox","127","2","20"
"60-69 years","Wilcox","133","11","31"
"70-79 years","Wilcox","80","12","14"
"80 & Older years","Wilcox","30","9","11"
"<1 years","Wilcox","11","0","1"
"01-04 years","Wilkes","17","0","1"
"05-09 years","Wilkes","34","0","0"
"10-17 years","Wilkes","95","0","1"
"18-29 years","Wilkes","214","1","9"
"30-39 years","Wilkes","148","0","7"
"40-49 years","Wilkes","176","1","21"
"50-59 years","Wilkes","162","5","17"
"60-69 years","Wilkes","147","9","35"
"70-79 years","Wilkes","98","10","32"
"80 & Older years","Wilkes","61","13","24"
"<1 years","Wilkes","13","0","2"
"01-04 years","Wilkinson","40","0","0"
"05-09 years","Wilkinson","58","0","0"
"10-17 years","Wilkinson","164","0","1"
"18-29 years","Wilkinson","306","0","5"
"30-39 years","Wilkinson","263","0","15"
"40-49 years","Wilkinson","261","0","11"
"50-59 years","Wilkinson","286","7","34"
"60-69 years","Wilkinson","245","20","54"
"70-79 years","Wilkinson","115","15","28"
"80 & Older years","Wilkinson","68","11","22"
"<1 years","Wilkinson","12","0","0"
"01-04 years","Worth","53","0","1"
"05-09 years","Worth","93","0","1"
"10-17 years","Worth","239","1","6"
"18-29 years","Worth","459","1","23"
"30-39 years","Worth","352","0","20"
"40-49 years","Worth","336","4","27"
"50-59 years","Worth","334","9","43"
"60-69 years","Worth","322","26","79"
"70-79 years","Worth","195","26","58"
"80 & Older years","Worth","114","28","41"
"<1 years","Worth","23","0","0"
"Unknown years","Worth","2","0","0"
