"age group","county name","cases","deaths","confirmed_case_hospitalization"
"01-04 years","Georgia","54753","7","936"
"05-09 years","Georgia","86871","5","635"
"10-17 years","Georgia","205600","22","2004"
"18-29 years","Georgia","472762","292","9774"
"30-39 years","Georgia","378310","737","11691"
"40-49 years","Georgia","341009","1623","15037"
"50-59 years","Georgia","310976","3943","21940"
"60-69 years","Georgia","212838","7155","25423"
"70-79 years","Georgia","122344","9357","23935"
"80 & Older years","Georgia","64087","10997","18277"
"<1 years","Georgia","20852","7","991"
"Unknown years","Georgia","2920","0","422"
"01-04 years","Appling","84","0","0"
"05-09 years","Appling","133","0","0"
"10-17 years","Appling","432","1","3"
"18-29 years","Appling","675","1","9"
"30-39 years","Appling","520","4","12"
"40-49 years","Appling","509","10","31"
"50-59 years","Appling","510","12","53"
"60-69 years","Appling","431","25","80"
"70-79 years","Appling","301","27","67"
"80 & Older years","Appling","153","36","50"
"<1 years","Appling","27","0","0"
"01-04 years","Atkinson","46","1","3"
"05-09 years","Atkinson","77","0","1"
"10-17 years","Atkinson","192","0","2"
"18-29 years","Atkinson","328","0","16"
"30-39 years","Atkinson","243","0","20"
"40-49 years","Atkinson","248","4","39"
"50-59 years","Atkinson","228","5","45"
"60-69 years","Atkinson","160","12","57"
"70-79 years","Atkinson","85","10","38"
"80 & Older years","Atkinson","42","14","30"
"<1 years","Atkinson","19","0","1"
"01-04 years","Bacon","61","0","1"
"05-09 years","Bacon","87","0","0"
"10-17 years","Bacon","244","0","1"
"18-29 years","Bacon","676","0","15"
"30-39 years","Bacon","412","1","13"
"40-49 years","Bacon","408","5","27"
"50-59 years","Bacon","329","5","33"
"60-69 years","Bacon","274","21","62"
"70-79 years","Bacon","182","19","56"
"80 & Older years","Bacon","99","18","37"
"<1 years","Bacon","21","0","0"
"Unknown years","Bacon","1","0","0"
"01-04 years","Baker","12","0","0"
"05-09 years","Baker","23","0","0"
"10-17 years","Baker","23","0","1"
"18-29 years","Baker","64","0","1"
"30-39 years","Baker","41","0","6"
"40-49 years","Baker","38","3","4"
"50-59 years","Baker","43","0","5"
"60-69 years","Baker","47","3","18"
"70-79 years","Baker","26","3","11"
"80 & Older years","Baker","18","5","8"
"<1 years","Baker","3","0","0"
"01-04 years","Baldwin","149","0","2"
"05-09 years","Baldwin","283","0","0"
"10-17 years","Baldwin","612","1","5"
"18-29 years","Baldwin","2214","0","27"
"30-39 years","Baldwin","1164","2","25"
"40-49 years","Baldwin","1069","7","49"
"50-59 years","Baldwin","1050","25","91"
"60-69 years","Baldwin","829","45","118"
"70-79 years","Baldwin","516","56","85"
"80 & Older years","Baldwin","296","76","84"
"<1 years","Baldwin","53","0","4"
"Unknown years","Baldwin","1","0","0"
"01-04 years","Banks","68","0","3"
"05-09 years","Banks","109","0","2"
"10-17 years","Banks","275","0","5"
"18-29 years","Banks","744","1","26"
"30-39 years","Banks","563","0","23"
"40-49 years","Banks","542","7","35"
"50-59 years","Banks","569","11","51"
"60-69 years","Banks","466","19","87"
"70-79 years","Banks","342","31","96"
"80 & Older years","Banks","153","22","49"
"<1 years","Banks","39","0","3"
"Unknown years","Banks","6","0","1"
"01-04 years","Barrow","511","0","10"
"05-09 years","Barrow","836","0","6"
"10-17 years","Barrow","2163","1","24"
"18-29 years","Barrow","4274","2","82"
"30-39 years","Barrow","3848","3","105"
"40-49 years","Barrow","3576","13","133"
"50-59 years","Barrow","3109","25","197"
"60-69 years","Barrow","2074","63","224"
"70-79 years","Barrow","1247","71","186"
"80 & Older years","Barrow","545","86","162"
"<1 years","Barrow","236","0","13"
"Unknown years","Barrow","7","0","2"
"01-04 years","Bartow","618","0","20"
"05-09 years","Bartow","867","0","6"
"10-17 years","Bartow","2302","0","24"
"18-29 years","Bartow","4797","0","66"
"30-39 years","Bartow","3949","6","94"
"40-49 years","Bartow","3705","12","153"
"50-59 years","Bartow","3891","38","264"
"60-69 years","Bartow","2531","104","283"
"70-79 years","Bartow","1574","131","314"
"80 & Older years","Bartow","766","120","204"
"<1 years","Bartow","285","0","11"
"Unknown years","Bartow","11","0","2"
"01-04 years","Ben Hill","46","0","1"
"05-09 years","Ben Hill","44","0","0"
"10-17 years","Ben Hill","187","0","0"
"18-29 years","Ben Hill","446","0","5"
"30-39 years","Ben Hill","365","3","13"
"40-49 years","Ben Hill","314","2","18"
"50-59 years","Ben Hill","336","7","37"
"60-69 years","Ben Hill","297","17","42"
"70-79 years","Ben Hill","192","26","62"
"80 & Older years","Ben Hill","86","20","27"
"<1 years","Ben Hill","23","0","2"
"01-04 years","Berrien","69","0","1"
"05-09 years","Berrien","76","0","0"
"10-17 years","Berrien","202","0","1"
"18-29 years","Berrien","413","0","0"
"30-39 years","Berrien","345","0","7"
"40-49 years","Berrien","273","1","8"
"50-59 years","Berrien","319","7","31"
"60-69 years","Berrien","242","13","33"
"70-79 years","Berrien","174","24","31"
"80 & Older years","Berrien","91","19","19"
"<1 years","Berrien","38","0","0"
"01-04 years","Bibb","583","0","12"
"05-09 years","Bibb","1007","0","5"
"10-17 years","Bibb","2427","0","21"
"18-29 years","Bibb","7214","4","174"
"30-39 years","Bibb","5464","13","239"
"40-49 years","Bibb","4894","32","361"
"50-59 years","Bibb","4437","71","518"
"60-69 years","Bibb","3406","167","666"
"70-79 years","Bibb","1977","202","557"
"80 & Older years","Bibb","1052","229","444"
"<1 years","Bibb","193","0","11"
"Unknown years","Bibb","5","0","0"
"01-04 years","Bleckley","26","0","1"
"05-09 years","Bleckley","61","0","0"
"10-17 years","Bleckley","168","0","1"
"18-29 years","Bleckley","355","0","6"
"30-39 years","Bleckley","225","1","5"
"40-49 years","Bleckley","206","1","4"
"50-59 years","Bleckley","197","4","14"
"60-69 years","Bleckley","145","11","20"
"70-79 years","Bleckley","103","9","18"
"80 & Older years","Bleckley","78","21","18"
"<1 years","Bleckley","9","0","0"
"01-04 years","Brantley","66","0","0"
"05-09 years","Brantley","104","0","0"
"10-17 years","Brantley","283","0","1"
"18-29 years","Brantley","507","0","5"
"30-39 years","Brantley","393","3","9"
"40-49 years","Brantley","366","6","24"
"50-59 years","Brantley","409","20","44"
"60-69 years","Brantley","285","18","48"
"70-79 years","Brantley","198","29","54"
"80 & Older years","Brantley","80","17","20"
"<1 years","Brantley","14","0","1"
"Unknown years","Brantley","1","0","0"
"01-04 years","Brooks","61","0","2"
"05-09 years","Brooks","72","0","0"
"10-17 years","Brooks","176","0","0"
"18-29 years","Brooks","360","0","4"
"30-39 years","Brooks","306","1","11"
"40-49 years","Brooks","292","2","18"
"50-59 years","Brooks","305","7","35"
"60-69 years","Brooks","220","13","33"
"70-79 years","Brooks","191","23","37"
"80 & Older years","Brooks","120","29","37"
"<1 years","Brooks","26","0","0"
"Unknown years","Brooks","1","0","0"
"01-04 years","Bryan","287","0","3"
"05-09 years","Bryan","388","0","2"
"10-17 years","Bryan","918","0","7"
"18-29 years","Bryan","1470","2","25"
"30-39 years","Bryan","1327","6","38"
"40-49 years","Bryan","1295","6","61"
"50-59 years","Bryan","939","10","65"
"60-69 years","Bryan","582","20","86"
"70-79 years","Bryan","347","25","119"
"80 & Older years","Bryan","140","19","51"
"<1 years","Bryan","134","0","9"
"Unknown years","Bryan","9","0","0"
"01-04 years","Bulloch","284","0","1"
"05-09 years","Bulloch","472","0","2"
"10-17 years","Bulloch","1143","0","4"
"18-29 years","Bulloch","4032","1","22"
"30-39 years","Bulloch","1632","5","38"
"40-49 years","Bulloch","1227","8","42"
"50-59 years","Bulloch","1120","18","78"
"60-69 years","Bulloch","737","26","89"
"70-79 years","Bulloch","391","34","76"
"80 & Older years","Bulloch","192","27","57"
"<1 years","Bulloch","131","0","8"
"Unknown years","Bulloch","1","0","0"
"01-04 years","Burke","60","0","1"
"05-09 years","Burke","110","0","0"
"10-17 years","Burke","280","0","4"
"18-29 years","Burke","633","2","21"
"30-39 years","Burke","514","2","23"
"40-49 years","Burke","507","5","32"
"50-59 years","Burke","448","8","47"
"60-69 years","Burke","369","15","61"
"70-79 years","Burke","191","25","66"
"80 & Older years","Burke","62","15","25"
"<1 years","Burke","27","0","0"
"Unknown years","Burke","2","0","0"
"01-04 years","Butts","112","0","3"
"05-09 years","Butts","140","0","0"
"10-17 years","Butts","378","0","7"
"18-29 years","Butts","977","0","20"
"30-39 years","Butts","882","2","16"
"40-49 years","Butts","787","5","33"
"50-59 years","Butts","825","20","68"
"60-69 years","Butts","602","28","80"
"70-79 years","Butts","399","47","74"
"80 & Older years","Butts","250","50","37"
"<1 years","Butts","49","0","3"
"Unknown years","Butts","2","0","0"
"01-04 years","Calhoun","29","0","0"
"05-09 years","Calhoun","24","0","0"
"10-17 years","Calhoun","74","0","1"
"18-29 years","Calhoun","190","0","10"
"30-39 years","Calhoun","199","3","10"
"40-49 years","Calhoun","169","1","12"
"50-59 years","Calhoun","150","4","22"
"60-69 years","Calhoun","124","4","31"
"70-79 years","Calhoun","51","7","13"
"80 & Older years","Calhoun","49","5","17"
"<1 years","Calhoun","7","0","0"
"01-04 years","Camden","302","0","0"
"05-09 years","Camden","440","0","2"
"10-17 years","Camden","993","0","3"
"18-29 years","Camden","2247","0","13"
"30-39 years","Camden","1800","3","27"
"40-49 years","Camden","1260","10","34"
"50-59 years","Camden","1327","17","45"
"60-69 years","Camden","968","29","66"
"70-79 years","Camden","579","24","51"
"80 & Older years","Camden","237","33","38"
"<1 years","Camden","97","0","2"
"Unknown years","Camden","72","0","0"
"01-04 years","Candler","25","0","0"
"05-09 years","Candler","50","0","0"
"10-17 years","Candler","134","0","0"
"18-29 years","Candler","259","0","2"
"30-39 years","Candler","211","0","8"
"40-49 years","Candler","209","5","7"
"50-59 years","Candler","243","13","26"
"60-69 years","Candler","171","12","28"
"70-79 years","Candler","115","15","26"
"80 & Older years","Candler","49","14","19"
"<1 years","Candler","20","0","1"
"01-04 years","Carroll","322","0","4"
"05-09 years","Carroll","518","0","5"
"10-17 years","Carroll","1548","0","7"
"18-29 years","Carroll","3698","0","28"
"30-39 years","Carroll","2625","3","29"
"40-49 years","Carroll","2330","13","53"
"50-59 years","Carroll","2264","20","85"
"60-69 years","Carroll","1540","39","120"
"70-79 years","Carroll","904","53","98"
"80 & Older years","Carroll","457","65","64"
"<1 years","Carroll","128","0","2"
"Unknown years","Carroll","13","0","7"
"01-04 years","Catoosa","319","0","2"
"05-09 years","Catoosa","519","0","2"
"10-17 years","Catoosa","1383","0","3"
"18-29 years","Catoosa","2594","1","19"
"30-39 years","Catoosa","2126","2","23"
"40-49 years","Catoosa","2110","5","46"
"50-59 years","Catoosa","2000","18","72"
"60-69 years","Catoosa","1395","23","91"
"70-79 years","Catoosa","919","40","103"
"80 & Older years","Catoosa","564","62","78"
"<1 years","Catoosa","114","0","2"
"Unknown years","Catoosa","20","0","1"
"01-04 years","Charlton","42","0","0"
"05-09 years","Charlton","65","0","0"
"10-17 years","Charlton","143","0","0"
"18-29 years","Charlton","593","0","4"
"30-39 years","Charlton","484","2","5"
"40-49 years","Charlton","384","3","13"
"50-59 years","Charlton","283","5","14"
"60-69 years","Charlton","250","12","36"
"70-79 years","Charlton","142","14","35"
"80 & Older years","Charlton","59","12","21"
"<1 years","Charlton","20","0","0"
"01-04 years","Chatham","2334","0","25"
"05-09 years","Chatham","3230","1","14"
"10-17 years","Chatham","6110","0","45"
"18-29 years","Chatham","14206","8","247"
"30-39 years","Chatham","10865","27","363"
"40-49 years","Chatham","8052","49","411"
"50-59 years","Chatham","7096","100","597"
"60-69 years","Chatham","5354","185","785"
"70-79 years","Chatham","2921","247","760"
"80 & Older years","Chatham","1583","283","659"
"<1 years","Chatham","1018","1","33"
"Unknown years","Chatham","23","0","3"
"01-04 years","Chattahoochee","35","0","0"
"05-09 years","Chattahoochee","71","0","0"
"10-17 years","Chattahoochee","251","0","2"
"18-29 years","Chattahoochee","5445","7","12"
"30-39 years","Chattahoochee","646","2","7"
"40-49 years","Chattahoochee","158","1","4"
"50-59 years","Chattahoochee","98","2","12"
"60-69 years","Chattahoochee","63","1","12"
"70-79 years","Chattahoochee","33","1","8"
"80 & Older years","Chattahoochee","16","3","7"
"<1 years","Chattahoochee","15","0","0"
"Unknown years","Chattahoochee","1","0","0"
"01-04 years","Chattooga","125","0","1"
"05-09 years","Chattooga","208","0","2"
"10-17 years","Chattooga","583","0","7"
"18-29 years","Chattooga","1026","0","13"
"30-39 years","Chattooga","861","3","17"
"40-49 years","Chattooga","850","7","44"
"50-59 years","Chattooga","856","20","58"
"60-69 years","Chattooga","626","28","74"
"70-79 years","Chattooga","415","25","85"
"80 & Older years","Chattooga","228","45","54"
"<1 years","Chattooga","65","0","6"
"Unknown years","Chattooga","3","0","1"
"01-04 years","Cherokee","1130","0","15"
"05-09 years","Cherokee","1934","0","17"
"10-17 years","Cherokee","5180","0","26"
"18-29 years","Cherokee","9551","3","165"
"30-39 years","Cherokee","7917","10","212"
"40-49 years","Cherokee","8107","17","295"
"50-59 years","Cherokee","8008","60","454"
"60-69 years","Cherokee","5244","110","521"
"70-79 years","Cherokee","3472","172","527"
"80 & Older years","Cherokee","1741","252","441"
"<1 years","Cherokee","445","0","19"
"Unknown years","Cherokee","1","0","0"
"01-04 years","Clarke","715","1","25"
"05-09 years","Clarke","975","0","14"
"10-17 years","Clarke","1915","0","41"
"18-29 years","Clarke","12358","1","212"
"30-39 years","Clarke","4313","3","187"
"40-49 years","Clarke","3233","8","184"
"50-59 years","Clarke","2631","21","214"
"60-69 years","Clarke","1857","47","259"
"70-79 years","Clarke","1200","71","279"
"80 & Older years","Clarke","577","84","206"
"<1 years","Clarke","296","0","14"
"Unknown years","Clarke","2","0","1"
"01-04 years","Clay","17","0","0"
"05-09 years","Clay","18","0","0"
"10-17 years","Clay","45","0","0"
"18-29 years","Clay","64","0","0"
"30-39 years","Clay","60","0","2"
"40-49 years","Clay","55","0","3"
"50-59 years","Clay","39","1","3"
"60-69 years","Clay","35","2","2"
"70-79 years","Clay","25","0","1"
"80 & Older years","Clay","19","3","4"
"<1 years","Clay","5","0","0"
"01-04 years","Clayton","1888","1","38"
"05-09 years","Clayton","3297","1","29"
"10-17 years","Clayton","6770","2","96"
"18-29 years","Clayton","13567","14","388"
"30-39 years","Clayton","12510","45","524"
"40-49 years","Clayton","10580","61","534"
"50-59 years","Clayton","9373","152","739"
"60-69 years","Clayton","5956","246","708"
"70-79 years","Clayton","2418","241","492"
"80 & Older years","Clayton","1065","218","312"
"<1 years","Clayton","665","0","38"
"Unknown years","Clayton","28","0","13"
"01-04 years","Clinch","39","0","0"
"05-09 years","Clinch","54","0","0"
"10-17 years","Clinch","139","0","0"
"18-29 years","Clinch","270","0","3"
"30-39 years","Clinch","232","1","5"
"40-49 years","Clinch","198","0","4"
"50-59 years","Clinch","209","3","21"
"60-69 years","Clinch","217","16","28"
"70-79 years","Clinch","118","13","27"
"80 & Older years","Clinch","52","9","12"
"<1 years","Clinch","21","0","0"
"01-04 years","Cobb","4097","1","59"
"05-09 years","Cobb","6602","0","38"
"10-17 years","Cobb","14855","0","99"
"18-29 years","Cobb","35055","17","398"
"30-39 years","Cobb","28171","41","450"
"40-49 years","Cobb","25779","78","626"
"50-59 years","Cobb","22408","173","903"
"60-69 years","Cobb","14538","316","937"
"70-79 years","Cobb","7896","510","932"
"80 & Older years","Cobb","4236","705","923"
"<1 years","Cobb","1294","0","45"
"Unknown years","Cobb","61","0","0"
"01-04 years","Coffee","212","0","4"
"05-09 years","Coffee","348","0","7"
"10-17 years","Coffee","770","0","9"
"18-29 years","Coffee","1754","1","48"
"30-39 years","Coffee","1393","7","88"
"40-49 years","Coffee","1290","17","171"
"50-59 years","Coffee","1158","27","242"
"60-69 years","Coffee","874","60","244"
"70-79 years","Coffee","487","70","218"
"80 & Older years","Coffee","256","58","144"
"<1 years","Coffee","88","0","10"
"01-04 years","Colquitt","177","0","1"
"05-09 years","Colquitt","350","0","3"
"10-17 years","Colquitt","1000","0","12"
"18-29 years","Colquitt","1726","1","40"
"30-39 years","Colquitt","1302","3","40"
"40-49 years","Colquitt","1236","13","57"
"50-59 years","Colquitt","1176","31","63"
"60-69 years","Colquitt","910","43","84"
"70-79 years","Colquitt","599","43","85"
"80 & Older years","Colquitt","345","60","65"
"<1 years","Colquitt","95","0","3"
"01-04 years","Columbia","499","1","8"
"05-09 years","Columbia","936","1","9"
"10-17 years","Columbia","2384","0","18"
"18-29 years","Columbia","4595","2","61"
"30-39 years","Columbia","4544","9","77"
"40-49 years","Columbia","3794","17","98"
"50-59 years","Columbia","3041","42","153"
"60-69 years","Columbia","2073","61","180"
"70-79 years","Columbia","1081","87","218"
"80 & Older years","Columbia","613","121","207"
"<1 years","Columbia","180","1","15"
"Unknown years","Columbia","3","0","0"
"01-04 years","Cook","63","0","3"
"05-09 years","Cook","86","0","0"
"10-17 years","Cook","209","0","3"
"18-29 years","Cook","415","0","12"
"30-39 years","Cook","343","0","5"
"40-49 years","Cook","321","3","20"
"50-59 years","Cook","297","7","27"
"60-69 years","Cook","220","13","28"
"70-79 years","Cook","151","16","37"
"80 & Older years","Cook","94","20","18"
"<1 years","Cook","38","0","3"
"01-04 years","Coweta","585","0","8"
"05-09 years","Coweta","957","0","10"
"10-17 years","Coweta","2451","0","27"
"18-29 years","Coweta","4725","6","162"
"30-39 years","Coweta","3987","16","202"
"40-49 years","Coweta","4008","33","245"
"50-59 years","Coweta","4376","64","361"
"60-69 years","Coweta","2722","77","345"
"70-79 years","Coweta","1681","125","376"
"80 & Older years","Coweta","754","130","247"
"<1 years","Coweta","181","0","15"
"Unknown years","Coweta","16","0","5"
"01-04 years","Crawford","17","0","0"
"05-09 years","Crawford","21","0","0"
"10-17 years","Crawford","79","0","2"
"18-29 years","Crawford","214","0","4"
"30-39 years","Crawford","203","1","11"
"40-49 years","Crawford","187","3","10"
"50-59 years","Crawford","254","15","29"
"60-69 years","Crawford","217","14","28"
"70-79 years","Crawford","123","14","28"
"80 & Older years","Crawford","58","7","21"
"<1 years","Crawford","4","0","0"
"Unknown years","Crawford","1","0","0"
"01-04 years","Crisp","53","0","0"
"05-09 years","Crisp","98","0","0"
"10-17 years","Crisp","283","0","3"
"18-29 years","Crisp","475","2","16"
"30-39 years","Crisp","444","2","20"
"40-49 years","Crisp","384","5","26"
"50-59 years","Crisp","356","5","33"
"60-69 years","Crisp","314","23","58"
"70-79 years","Crisp","148","17","40"
"80 & Older years","Crisp","77","20","18"
"<1 years","Crisp","30","0","0"
"01-04 years","Dade","57","0","0"
"05-09 years","Dade","131","0","0"
"10-17 years","Dade","286","0","1"
"18-29 years","Dade","575","0","3"
"30-39 years","Dade","413","0","4"
"40-49 years","Dade","433","1","10"
"50-59 years","Dade","402","7","27"
"60-69 years","Dade","321","2","16"
"70-79 years","Dade","209","13","29"
"80 & Older years","Dade","97","5","17"
"<1 years","Dade","25","0","0"
"Unknown years","Dade","4","0","0"
"01-04 years","Dawson","142","0","1"
"05-09 years","Dawson","216","0","2"
"10-17 years","Dawson","567","0","7"
"18-29 years","Dawson","1331","0","23"
"30-39 years","Dawson","1134","2","29"
"40-49 years","Dawson","948","4","46"
"50-59 years","Dawson","1105","11","80"
"60-69 years","Dawson","880","21","109"
"70-79 years","Dawson","542","34","86"
"80 & Older years","Dawson","263","29","60"
"<1 years","Dawson","66","0","3"
"01-04 years","DeKalb","4338","0","63"
"05-09 years","DeKalb","6415","0","48"
"10-17 years","DeKalb","12583","0","152"
"18-29 years","DeKalb","34512","19","975"
"30-39 years","DeKalb","32037","40","1235"
"40-49 years","DeKalb","24781","87","1268"
"50-59 years","DeKalb","21078","212","1663"
"60-69 years","DeKalb","13827","340","1772"
"70-79 years","DeKalb","7180","447","1433"
"80 & Older years","DeKalb","3616","554","1004"
"<1 years","DeKalb","1283","1","52"
"Unknown years","DeKalb","115","0","27"
"01-04 years","Decatur","261","0","3"
"05-09 years","Decatur","305","0","1"
"10-17 years","Decatur","640","0","2"
"18-29 years","Decatur","1130","1","25"
"30-39 years","Decatur","867","1","13"
"40-49 years","Decatur","802","3","40"
"50-59 years","Decatur","726","15","60"
"60-69 years","Decatur","556","21","68"
"70-79 years","Decatur","317","31","53"
"80 & Older years","Decatur","197","26","31"
"<1 years","Decatur","106","0","1"
"Unknown years","Decatur","3","0","0"
"01-04 years","Dodge","30","0","0"
"05-09 years","Dodge","67","0","0"
"10-17 years","Dodge","217","1","2"
"18-29 years","Dodge","478","0","9"
"30-39 years","Dodge","331","2","10"
"40-49 years","Dodge","331","3","15"
"50-59 years","Dodge","318","7","24"
"60-69 years","Dodge","231","23","37"
"70-79 years","Dodge","140","20","31"
"80 & Older years","Dodge","81","19","18"
"<1 years","Dodge","19","0","1"
"01-04 years","Dooly","35","0","0"
"05-09 years","Dooly","59","0","0"
"10-17 years","Dooly","149","0","1"
"18-29 years","Dooly","292","1","5"
"30-39 years","Dooly","231","1","14"
"40-49 years","Dooly","269","2","15"
"50-59 years","Dooly","251","6","24"
"60-69 years","Dooly","213","12","26"
"70-79 years","Dooly","102","13","26"
"80 & Older years","Dooly","40","9","9"
"<1 years","Dooly","17","0","1"
"01-04 years","Dougherty","432","0","6"
"05-09 years","Dougherty","893","0","1"
"10-17 years","Dougherty","2074","0","23"
"18-29 years","Dougherty","2994","4","196"
"30-39 years","Dougherty","2448","8","174"
"40-49 years","Dougherty","2131","37","203"
"50-59 years","Dougherty","1933","52","273"
"60-69 years","Dougherty","1553","123","392"
"70-79 years","Dougherty","861","115","281"
"80 & Older years","Dougherty","495","151","212"
"<1 years","Dougherty","178","0","12"
"Unknown years","Dougherty","3","0","0"
"01-04 years","Douglas","806","0","15"
"05-09 years","Douglas","1364","0","15"
"10-17 years","Douglas","3333","1","39"
"18-29 years","Douglas","6330","0","89"
"30-39 years","Douglas","5552","8","126"
"40-49 years","Douglas","5819","18","194"
"50-59 years","Douglas","5127","51","263"
"60-69 years","Douglas","2925","85","278"
"70-79 years","Douglas","1460","97","225"
"80 & Older years","Douglas","671","102","168"
"<1 years","Douglas","313","0","14"
"Unknown years","Douglas","10","0","0"
"01-04 years","Early","78","0","0"
"05-09 years","Early","101","0","0"
"10-17 years","Early","297","0","0"
"18-29 years","Early","360","1","14"
"30-39 years","Early","318","1","6"
"40-49 years","Early","315","2","15"
"50-59 years","Early","307","6","20"
"60-69 years","Early","224","12","23"
"70-79 years","Early","140","21","28"
"80 & Older years","Early","82","13","21"
"<1 years","Early","22","0","1"
"Unknown years","Early","2","0","0"
"01-04 years","Echols","16","0","0"
"05-09 years","Echols","11","0","0"
"10-17 years","Echols","37","0","2"
"18-29 years","Echols","150","0","2"
"30-39 years","Echols","74","1","4"
"40-49 years","Echols","67","0","1"
"50-59 years","Echols","61","1","2"
"60-69 years","Echols","41","0","2"
"70-79 years","Echols","27","2","4"
"80 & Older years","Echols","7","2","2"
"<1 years","Echols","8","0","0"
"01-04 years","Effingham","364","0","2"
"05-09 years","Effingham","611","0","3"
"10-17 years","Effingham","1314","0","3"
"18-29 years","Effingham","2018","1","21"
"30-39 years","Effingham","2081","5","54"
"40-49 years","Effingham","1766","11","83"
"50-59 years","Effingham","1535","34","128"
"60-69 years","Effingham","1065","31","155"
"70-79 years","Effingham","528","48","148"
"80 & Older years","Effingham","243","51","82"
"<1 years","Effingham","159","0","8"
"Unknown years","Effingham","5","0","0"
"01-04 years","Elbert","59","0","4"
"05-09 years","Elbert","81","0","1"
"10-17 years","Elbert","198","0","4"
"18-29 years","Elbert","516","2","15"
"30-39 years","Elbert","389","0","22"
"40-49 years","Elbert","382","1","28"
"50-59 years","Elbert","410","4","50"
"60-69 years","Elbert","358","13","72"
"70-79 years","Elbert","263","27","79"
"80 & Older years","Elbert","202","42","78"
"<1 years","Elbert","41","0","4"
"Unknown years","Elbert","2","0","0"
"01-04 years","Emanuel","91","0","5"
"05-09 years","Emanuel","138","0","3"
"10-17 years","Emanuel","385","0","3"
"18-29 years","Emanuel","691","1","12"
"30-39 years","Emanuel","576","1","27"
"40-49 years","Emanuel","544","4","27"
"50-59 years","Emanuel","471","11","53"
"60-69 years","Emanuel","367","18","51"
"70-79 years","Emanuel","226","24","55"
"80 & Older years","Emanuel","106","23","32"
"<1 years","Emanuel","21","0","2"
"Unknown years","Emanuel","4","0","1"
"01-04 years","Evans","27","0","0"
"05-09 years","Evans","76","0","1"
"10-17 years","Evans","161","0","2"
"18-29 years","Evans","332","0","5"
"30-39 years","Evans","294","0","7"
"40-49 years","Evans","242","3","24"
"50-59 years","Evans","223","6","25"
"60-69 years","Evans","147","9","36"
"70-79 years","Evans","96","18","34"
"80 & Older years","Evans","37","5","18"
"<1 years","Evans","16","0","0"
"01-04 years","Fannin","63","0","1"
"05-09 years","Fannin","102","0","0"
"10-17 years","Fannin","342","0","2"
"18-29 years","Fannin","629","0","7"
"30-39 years","Fannin","487","2","14"
"40-49 years","Fannin","570","5","23"
"50-59 years","Fannin","737","8","50"
"60-69 years","Fannin","752","30","84"
"70-79 years","Fannin","572","38","119"
"80 & Older years","Fannin","296","61","84"
"<1 years","Fannin","22","0","2"
"01-04 years","Fayette","442","0","12"
"05-09 years","Fayette","807","0","7"
"10-17 years","Fayette","2141","0","18"
"18-29 years","Fayette","3530","5","78"
"30-39 years","Fayette","2776","6","97"
"40-49 years","Fayette","3483","9","140"
"50-59 years","Fayette","3530","26","235"
"60-69 years","Fayette","2722","43","235"
"70-79 years","Fayette","1532","105","309"
"80 & Older years","Fayette","844","126","263"
"<1 years","Fayette","130","0","8"
"Unknown years","Fayette","15","0","3"
"01-04 years","Floyd","620","0","11"
"05-09 years","Floyd","993","0","4"
"10-17 years","Floyd","2726","1","20"
"18-29 years","Floyd","5130","4","78"
"30-39 years","Floyd","3944","9","98"
"40-49 years","Floyd","3602","18","178"
"50-59 years","Floyd","3590","55","288"
"60-69 years","Floyd","2673","92","384"
"70-79 years","Floyd","1642","122","374"
"80 & Older years","Floyd","937","143","291"
"<1 years","Floyd","316","1","16"
"Unknown years","Floyd","22","0","0"
"01-04 years","Forsyth","1418","0","14"
"05-09 years","Forsyth","2899","0","6"
"10-17 years","Forsyth","6612","0","25"
"18-29 years","Forsyth","7935","1","76"
"30-39 years","Forsyth","7655","5","116"
"40-49 years","Forsyth","9448","16","217"
"50-59 years","Forsyth","7705","34","287"
"60-69 years","Forsyth","4186","58","303"
"70-79 years","Forsyth","2585","125","375"
"80 & Older years","Forsyth","1447","184","330"
"<1 years","Forsyth","360","0","11"
"Unknown years","Forsyth","39","0","0"
"01-04 years","Franklin","93","0","2"
"05-09 years","Franklin","163","0","0"
"10-17 years","Franklin","430","0","6"
"18-29 years","Franklin","915","1","18"
"30-39 years","Franklin","660","0","17"
"40-49 years","Franklin","673","4","32"
"50-59 years","Franklin","677","6","49"
"60-69 years","Franklin","584","14","63"
"70-79 years","Franklin","377","32","76"
"80 & Older years","Franklin","185","30","44"
"<1 years","Franklin","62","0","7"
"Unknown years","Franklin","5","0","0"
"01-04 years","Fulton","5680","0","92"
"05-09 years","Fulton","8719","0","58"
"10-17 years","Fulton","18864","1","175"
"18-29 years","Fulton","52657","9","1121"
"30-39 years","Fulton","44242","67","1401"
"40-49 years","Fulton","34227","84","1442"
"50-59 years","Fulton","28780","242","2033"
"60-69 years","Fulton","17978","463","2020"
"70-79 years","Fulton","9546","598","1668"
"80 & Older years","Fulton","5602","860","1475"
"<1 years","Fulton","1671","1","81"
"Unknown years","Fulton","205","0","114"
"01-04 years","Gilmer","108","0","8"
"05-09 years","Gilmer","105","0","2"
"10-17 years","Gilmer","391","0","6"
"18-29 years","Gilmer","714","0","32"
"30-39 years","Gilmer","645","2","32"
"40-49 years","Gilmer","682","3","37"
"50-59 years","Gilmer","829","19","70"
"60-69 years","Gilmer","806","26","112"
"70-79 years","Gilmer","563","55","139"
"80 & Older years","Gilmer","276","53","83"
"<1 years","Gilmer","46","0","4"
"Unknown years","Gilmer","3","0","0"
"01-04 years","Glascock","1","0","0"
"05-09 years","Glascock","9","0","0"
"10-17 years","Glascock","17","0","0"
"18-29 years","Glascock","51","0","1"
"30-39 years","Glascock","41","0","3"
"40-49 years","Glascock","44","0","1"
"50-59 years","Glascock","51","2","5"
"60-69 years","Glascock","27","0","5"
"70-79 years","Glascock","36","5","12"
"80 & Older years","Glascock","11","3","5"
"<1 years","Glascock","3","0","1"
"01-04 years","Glynn","520","0","4"
"05-09 years","Glynn","928","0","1"
"10-17 years","Glynn","2119","0","3"
"18-29 years","Glynn","3734","5","45"
"30-39 years","Glynn","3166","11","51"
"40-49 years","Glynn","2698","19","75"
"50-59 years","Glynn","2509","46","127"
"60-69 years","Glynn","2206","86","199"
"70-79 years","Glynn","1385","96","168"
"80 & Older years","Glynn","712","120","151"
"<1 years","Glynn","171","0","7"
"Unknown years","Glynn","24","0","0"
"01-04 years","Gordon","331","0","3"
"05-09 years","Gordon","413","1","2"
"10-17 years","Gordon","1299","0","7"
"18-29 years","Gordon","2691","3","24"
"30-39 years","Gordon","2118","4","36"
"40-49 years","Gordon","2052","12","57"
"50-59 years","Gordon","1915","31","89"
"60-69 years","Gordon","1289","70","112"
"70-79 years","Gordon","745","73","133"
"80 & Older years","Gordon","386","57","82"
"<1 years","Gordon","154","0","5"
"Unknown years","Gordon","25","0","0"
"01-04 years","Grady","162","0","1"
"05-09 years","Grady","258","0","1"
"10-17 years","Grady","517","0","5"
"18-29 years","Grady","664","0","19"
"30-39 years","Grady","562","1","18"
"40-49 years","Grady","523","3","38"
"50-59 years","Grady","517","13","52"
"60-69 years","Grady","370","12","49"
"70-79 years","Grady","302","30","75"
"80 & Older years","Grady","123","22","43"
"<1 years","Grady","111","0","4"
"Unknown years","Grady","2","0","0"
"01-04 years","Greene","66","0","2"
"05-09 years","Greene","110","0","1"
"10-17 years","Greene","310","0","8"
"18-29 years","Greene","547","0","18"
"30-39 years","Greene","472","0","21"
"40-49 years","Greene","403","4","34"
"50-59 years","Greene","539","7","45"
"60-69 years","Greene","554","13","53"
"70-79 years","Greene","473","19","91"
"80 & Older years","Greene","227","37","84"
"<1 years","Greene","28","0","5"
"Unknown years","Greene","1","0","0"
"01-04 years","Gwinnett","5072","0","45"
"05-09 years","Gwinnett","8097","0","47"
"10-17 years","Gwinnett","19811","3","119"
"18-29 years","Gwinnett","42955","22","796"
"30-39 years","Gwinnett","35112","43","855"
"40-49 years","Gwinnett","35227","116","1169"
"50-59 years","Gwinnett","29823","220","1415"
"60-69 years","Gwinnett","17570","369","1435"
"70-79 years","Gwinnett","8101","478","1276"
"80 & Older years","Gwinnett","4060","659","1109"
"<1 years","Gwinnett","1929","0","50"
"Unknown years","Gwinnett","120","0","10"
"01-04 years","Habersham","173","0","4"
"05-09 years","Habersham","228","0","0"
"10-17 years","Habersham","670","1","10"
"18-29 years","Habersham","1733","1","27"
"30-39 years","Habersham","1326","6","51"
"40-49 years","Habersham","1290","8","73"
"50-59 years","Habersham","1434","15","107"
"60-69 years","Habersham","1151","41","182"
"70-79 years","Habersham","798","81","181"
"80 & Older years","Habersham","492","104","142"
"<1 years","Habersham","90","0","11"
"Unknown years","Habersham","7","0","1"
"01-04 years","Hall","845","0","20"
"05-09 years","Hall","1425","0","16"
"10-17 years","Hall","4482","0","50"
"18-29 years","Hall","11278","9","258"
"30-39 years","Hall","7953","12","320"
"40-49 years","Hall","7797","40","450"
"50-59 years","Hall","8086","76","646"
"60-69 years","Hall","5706","148","677"
"70-79 years","Hall","3818","225","780"
"80 & Older years","Hall","2120","341","651"
"<1 years","Hall","405","1","34"
"Unknown years","Hall","78","0","10"
"01-04 years","Hancock","25","0","0"
"05-09 years","Hancock","44","0","0"
"10-17 years","Hancock","105","0","2"
"18-29 years","Hancock","263","0","3"
"30-39 years","Hancock","257","2","8"
"40-49 years","Hancock","187","2","8"
"50-59 years","Hancock","242","7","22"
"60-69 years","Hancock","242","22","42"
"70-79 years","Hancock","131","24","30"
"80 & Older years","Hancock","82","26","29"
"<1 years","Hancock","11","0","0"
"01-04 years","Haralson","72","0","0"
"05-09 years","Haralson","127","0","0"
"10-17 years","Haralson","366","0","3"
"18-29 years","Haralson","760","2","6"
"30-39 years","Haralson","539","0","8"
"40-49 years","Haralson","568","3","12"
"50-59 years","Haralson","629","7","23"
"60-69 years","Haralson","372","19","31"
"70-79 years","Haralson","235","24","28"
"80 & Older years","Haralson","106","16","17"
"<1 years","Haralson","30","0","1"
"Unknown years","Haralson","3","0","0"
"01-04 years","Harris","116","0","1"
"05-09 years","Harris","199","0","0"
"10-17 years","Harris","542","0","7"
"18-29 years","Harris","901","0","20"
"30-39 years","Harris","796","0","24"
"40-49 years","Harris","886","5","45"
"50-59 years","Harris","971","12","70"
"60-69 years","Harris","738","23","101"
"70-79 years","Harris","460","46","98"
"80 & Older years","Harris","153","21","40"
"<1 years","Harris","25","0","1"
"Unknown years","Harris","2","0","0"
"01-04 years","Hart","70","0","0"
"05-09 years","Hart","97","0","2"
"10-17 years","Hart","302","0","0"
"18-29 years","Hart","637","0","11"
"30-39 years","Hart","523","0","16"
"40-49 years","Hart","462","4","26"
"50-59 years","Hart","582","4","40"
"60-69 years","Hart","413","20","49"
"70-79 years","Hart","286","15","51"
"80 & Older years","Hart","173","27","47"
"<1 years","Hart","35","0","0"
"01-04 years","Heard","30","0","2"
"05-09 years","Heard","76","0","0"
"10-17 years","Heard","172","0","3"
"18-29 years","Heard","305","2","8"
"30-39 years","Heard","213","1","3"
"40-49 years","Heard","271","2","20"
"50-59 years","Heard","276","3","21"
"60-69 years","Heard","205","8","24"
"70-79 years","Heard","103","11","26"
"80 & Older years","Heard","49","10","10"
"<1 years","Heard","17","0","1"
"01-04 years","Henry","1282","0","31"
"05-09 years","Henry","2109","0","16"
"10-17 years","Henry","5445","1","69"
"18-29 years","Henry","10312","3","268"
"30-39 years","Henry","8804","15","294"
"40-49 years","Henry","9489","46","400"
"50-59 years","Henry","8718","74","512"
"60-69 years","Henry","4921","162","544"
"70-79 years","Henry","2366","178","418"
"80 & Older years","Henry","1101","193","343"
"<1 years","Henry","437","0","22"
"Unknown years","Henry","27","0","3"
"01-04 years","Houston","625","0","10"
"05-09 years","Houston","1059","0","5"
"10-17 years","Houston","2744","0","17"
"18-29 years","Houston","5649","8","84"
"30-39 years","Houston","5192","7","120"
"40-49 years","Houston","4386","21","178"
"50-59 years","Houston","3661","42","228"
"60-69 years","Houston","2454","81","287"
"70-79 years","Houston","1277","102","264"
"80 & Older years","Houston","663","92","173"
"<1 years","Houston","181","1","9"
"Unknown years","Houston","3","0","0"
"01-04 years","Irwin","11","0","0"
"05-09 years","Irwin","25","0","0"
"10-17 years","Irwin","79","0","1"
"18-29 years","Irwin","217","0","8"
"30-39 years","Irwin","183","0","11"
"40-49 years","Irwin","192","1","11"
"50-59 years","Irwin","154","5","16"
"60-69 years","Irwin","126","3","27"
"70-79 years","Irwin","68","8","11"
"80 & Older years","Irwin","48","10","33"
"<1 years","Irwin","4","0","1"
"Unknown years","Irwin","2","0","0"
"01-04 years","Jackson","377","0","9"
"05-09 years","Jackson","719","0","2"
"10-17 years","Jackson","2172","1","17"
"18-29 years","Jackson","3386","4","85"
"30-39 years","Jackson","3371","8","99"
"40-49 years","Jackson","3304","15","144"
"50-59 years","Jackson","3106","33","191"
"60-69 years","Jackson","2113","54","223"
"70-79 years","Jackson","1467","85","257"
"80 & Older years","Jackson","707","89","190"
"<1 years","Jackson","151","0","12"
"Unknown years","Jackson","8","0","1"
"01-04 years","Jasper","48","0","1"
"05-09 years","Jasper","66","0","2"
"10-17 years","Jasper","140","0","5"
"18-29 years","Jasper","353","0","15"
"30-39 years","Jasper","293","2","15"
"40-49 years","Jasper","271","1","15"
"50-59 years","Jasper","324","8","36"
"60-69 years","Jasper","257","17","56"
"70-79 years","Jasper","124","9","28"
"80 & Older years","Jasper","64","8","25"
"<1 years","Jasper","30","0","9"
"01-04 years","Jeff Davis","55","0","0"
"05-09 years","Jeff Davis","113","0","0"
"10-17 years","Jeff Davis","252","0","2"
"18-29 years","Jeff Davis","489","0","7"
"30-39 years","Jeff Davis","388","0","13"
"40-49 years","Jeff Davis","353","1","21"
"50-59 years","Jeff Davis","339","11","30"
"60-69 years","Jeff Davis","204","10","29"
"70-79 years","Jeff Davis","154","17","28"
"80 & Older years","Jeff Davis","40","10","13"
"<1 years","Jeff Davis","22","0","4"
"01-04 years","Jefferson","42","0","3"
"05-09 years","Jefferson","66","0","0"
"10-17 years","Jefferson","165","0","2"
"18-29 years","Jefferson","370","0","3"
"30-39 years","Jefferson","332","1","15"
"40-49 years","Jefferson","328","5","26"
"50-59 years","Jefferson","388","10","36"
"60-69 years","Jefferson","333","16","57"
"70-79 years","Jefferson","209","28","60"
"80 & Older years","Jefferson","96","25","41"
"<1 years","Jefferson","12","0","3"
"Unknown years","Jefferson","1","0","0"
"01-04 years","Jenkins","32","0","3"
"05-09 years","Jenkins","39","0","0"
"10-17 years","Jenkins","100","0","1"
"18-29 years","Jenkins","190","0","3"
"30-39 years","Jenkins","136","2","6"
"40-49 years","Jenkins","176","3","14"
"50-59 years","Jenkins","191","7","30"
"60-69 years","Jenkins","129","7","17"
"70-79 years","Jenkins","85","16","25"
"80 & Older years","Jenkins","55","10","13"
"<1 years","Jenkins","6","0","0"
"01-04 years","Johnson","34","0","1"
"05-09 years","Johnson","40","0","0"
"10-17 years","Johnson","105","0","1"
"18-29 years","Johnson","272","0","7"
"30-39 years","Johnson","225","1","6"
"40-49 years","Johnson","234","3","10"
"50-59 years","Johnson","226","10","19"
"60-69 years","Johnson","217","10","27"
"70-79 years","Johnson","146","14","36"
"80 & Older years","Johnson","97","26","28"
"<1 years","Johnson","23","0","3"
"01-04 years","Jones","53","0","1"
"05-09 years","Jones","98","0","0"
"10-17 years","Jones","284","0","3"
"18-29 years","Jones","822","3","23"
"30-39 years","Jones","668","3","18"
"40-49 years","Jones","645","6","36"
"50-59 years","Jones","693","10","67"
"60-69 years","Jones","469","21","84"
"70-79 years","Jones","305","38","86"
"80 & Older years","Jones","154","30","48"
"<1 years","Jones","19","0","1"
"Unknown years","Jones","1","0","0"
"01-04 years","Lamar","128","0","0"
"05-09 years","Lamar","202","0","0"
"10-17 years","Lamar","427","0","5"
"18-29 years","Lamar","625","0","19"
"30-39 years","Lamar","530","2","20"
"40-49 years","Lamar","471","6","27"
"50-59 years","Lamar","460","12","52"
"60-69 years","Lamar","399","26","57"
"70-79 years","Lamar","270","29","57"
"80 & Older years","Lamar","112","31","36"
"<1 years","Lamar","81","0","1"
"Unknown years","Lamar","1","0","1"
"01-04 years","Lanier","22","0","0"
"05-09 years","Lanier","34","0","1"
"10-17 years","Lanier","122","0","1"
"18-29 years","Lanier","253","2","4"
"30-39 years","Lanier","248","0","3"
"40-49 years","Lanier","195","2","6"
"50-59 years","Lanier","152","4","11"
"60-69 years","Lanier","90","4","7"
"70-79 years","Lanier","79","7","10"
"80 & Older years","Lanier","37","3","7"
"<1 years","Lanier","24","0","0"
"Unknown years","Lanier","1","0","0"
"01-04 years","Laurens","249","0","2"
"05-09 years","Laurens","417","0","3"
"10-17 years","Laurens","994","0","8"
"18-29 years","Laurens","1809","0","17"
"30-39 years","Laurens","1462","5","25"
"40-49 years","Laurens","1328","12","44"
"50-59 years","Laurens","1181","32","87"
"60-69 years","Laurens","946","61","116"
"70-79 years","Laurens","607","73","110"
"80 & Older years","Laurens","349","80","78"
"<1 years","Laurens","97","0","7"
"Unknown years","Laurens","1","0","0"
"01-04 years","Lee","94","0","0"
"05-09 years","Lee","142","0","4"
"10-17 years","Lee","421","0","7"
"18-29 years","Lee","729","1","34"
"30-39 years","Lee","808","1","43"
"40-49 years","Lee","739","10","56"
"50-59 years","Lee","620","18","94"
"60-69 years","Lee","393","26","84"
"70-79 years","Lee","186","21","55"
"80 & Older years","Lee","106","20","40"
"<1 years","Lee","43","0","0"
"Unknown years","Lee","2","0","0"
"01-04 years","Liberty","651","0","5"
"05-09 years","Liberty","834","0","5"
"10-17 years","Liberty","1411","0","5"
"18-29 years","Liberty","4063","2","36"
"30-39 years","Liberty","2347","4","45"
"40-49 years","Liberty","1407","5","37"
"50-59 years","Liberty","1168","24","85"
"60-69 years","Liberty","788","31","100"
"70-79 years","Liberty","330","28","96"
"80 & Older years","Liberty","116","22","43"
"<1 years","Liberty","211","0","5"
"Unknown years","Liberty","16","0","0"
"01-04 years","Lincoln","20","0","0"
"05-09 years","Lincoln","23","0","1"
"10-17 years","Lincoln","76","0","0"
"18-29 years","Lincoln","152","0","5"
"30-39 years","Lincoln","136","1","6"
"40-49 years","Lincoln","132","1","11"
"50-59 years","Lincoln","138","3","8"
"60-69 years","Lincoln","117","8","25"
"70-79 years","Lincoln","84","10","24"
"80 & Older years","Lincoln","32","9","12"
"<1 years","Lincoln","7","0","1"
"Unknown years","Lincoln","1","0","0"
"01-04 years","Long","127","0","2"
"05-09 years","Long","167","0","0"
"10-17 years","Long","349","1","0"
"18-29 years","Long","575","0","5"
"30-39 years","Long","528","2","12"
"40-49 years","Long","356","4","23"
"50-59 years","Long","252","4","21"
"60-69 years","Long","178","5","20"
"70-79 years","Long","87","8","20"
"80 & Older years","Long","38","3","13"
"<1 years","Long","57","0","1"
"Unknown years","Long","1","0","0"
"01-04 years","Lowndes","520","0","1"
"05-09 years","Lowndes","599","0","1"
"10-17 years","Lowndes","1390","0","12"
"18-29 years","Lowndes","4944","6","52"
"30-39 years","Lowndes","3065","8","53"
"40-49 years","Lowndes","2230","16","84"
"50-59 years","Lowndes","1919","31","118"
"60-69 years","Lowndes","1426","65","160"
"70-79 years","Lowndes","893","84","150"
"80 & Older years","Lowndes","493","96","109"
"<1 years","Lowndes","254","0","5"
"Unknown years","Lowndes","5","0","0"
"01-04 years","Lumpkin","130","0","2"
"05-09 years","Lumpkin","214","0","2"
"10-17 years","Lumpkin","551","0","4"
"18-29 years","Lumpkin","1822","0","26"
"30-39 years","Lumpkin","1045","2","28"
"40-49 years","Lumpkin","983","1","44"
"50-59 years","Lumpkin","1079","14","92"
"60-69 years","Lumpkin","991","23","108"
"70-79 years","Lumpkin","675","25","129"
"80 & Older years","Lumpkin","328","50","121"
"<1 years","Lumpkin","71","0","4"
"Unknown years","Lumpkin","4","0","1"
"01-04 years","Macon","29","0","0"
"05-09 years","Macon","32","0","0"
"10-17 years","Macon","69","0","0"
"18-29 years","Macon","265","0","7"
"30-39 years","Macon","228","1","8"
"40-49 years","Macon","223","4","9"
"50-59 years","Macon","228","6","28"
"60-69 years","Macon","159","12","37"
"70-79 years","Macon","99","12","27"
"80 & Older years","Macon","31","10","11"
"<1 years","Macon","8","0","0"
"Unknown years","Macon","1","0","1"
"01-04 years","Madison","172","0","7"
"05-09 years","Madison","239","0","1"
"10-17 years","Madison","625","0","6"
"18-29 years","Madison","1243","0","48"
"30-39 years","Madison","993","1","48"
"40-49 years","Madison","933","2","55"
"50-59 years","Madison","972","18","82"
"60-69 years","Madison","685","24","109"
"70-79 years","Madison","446","30","119"
"80 & Older years","Madison","187","30","68"
"<1 years","Madison","96","0","9"
"Unknown years","Madison","1","0","0"
"01-04 years","Marion","23","0","0"
"05-09 years","Marion","35","0","1"
"10-17 years","Marion","119","0","0"
"18-29 years","Marion","176","0","7"
"30-39 years","Marion","154","0","8"
"40-49 years","Marion","151","3","9"
"50-59 years","Marion","147","7","20"
"60-69 years","Marion","127","13","22"
"70-79 years","Marion","72","8","23"
"80 & Older years","Marion","57","14","23"
"<1 years","Marion","11","0","1"
"01-04 years","McDuffie","70","0","2"
"05-09 years","McDuffie","96","0","0"
"10-17 years","McDuffie","257","0","2"
"18-29 years","McDuffie","686","0","17"
"30-39 years","McDuffie","518","2","12"
"40-49 years","McDuffie","483","3","28"
"50-59 years","McDuffie","453","13","54"
"60-69 years","McDuffie","334","19","69"
"70-79 years","McDuffie","219","25","77"
"80 & Older years","McDuffie","99","23","41"
"<1 years","McDuffie","24","0","3"
"Unknown years","McDuffie","1","0","0"
"01-04 years","McIntosh","55","0","1"
"05-09 years","McIntosh","78","0","1"
"10-17 years","McIntosh","239","0","0"
"18-29 years","McIntosh","359","0","5"
"30-39 years","McIntosh","293","0","4"
"40-49 years","McIntosh","290","0","8"
"50-59 years","McIntosh","350","5","15"
"60-69 years","McIntosh","286","9","36"
"70-79 years","McIntosh","180","9","28"
"80 & Older years","McIntosh","70","12","16"
"<1 years","McIntosh","11","0","0"
"Unknown years","McIntosh","2","0","0"
"01-04 years","Meriwether","104","0","3"
"05-09 years","Meriwether","117","0","1"
"10-17 years","Meriwether","263","1","3"
"18-29 years","Meriwether","655","0","22"
"30-39 years","Meriwether","481","3","32"
"40-49 years","Meriwether","553","5","43"
"50-59 years","Meriwether","565","13","62"
"60-69 years","Meriwether","545","26","76"
"70-79 years","Meriwether","380","40","81"
"80 & Older years","Meriwether","179","43","50"
"<1 years","Meriwether","51","0","5"
"Unknown years","Meriwether","2","0","1"
"01-04 years","Miller","46","0","0"
"05-09 years","Miller","62","0","0"
"10-17 years","Miller","196","0","1"
"18-29 years","Miller","217","1","2"
"30-39 years","Miller","200","0","2"
"40-49 years","Miller","177","1","7"
"50-59 years","Miller","222","4","21"
"60-69 years","Miller","164","3","18"
"70-79 years","Miller","71","5","9"
"80 & Older years","Miller","57","4","9"
"<1 years","Miller","8","0","0"
"Unknown years","Miller","1","0","0"
"01-04 years","Mitchell","81","0","2"
"05-09 years","Mitchell","120","0","0"
"10-17 years","Mitchell","283","0","8"
"18-29 years","Mitchell","594","1","22"
"30-39 years","Mitchell","529","1","24"
"40-49 years","Mitchell","475","7","32"
"50-59 years","Mitchell","496","15","75"
"60-69 years","Mitchell","386","22","71"
"70-79 years","Mitchell","236","27","71"
"80 & Older years","Mitchell","150","33","45"
"<1 years","Mitchell","33","0","3"
"Unknown years","Mitchell","2","0","0"
"01-04 years","Monroe","54","1","4"
"05-09 years","Monroe","86","0","1"
"10-17 years","Monroe","272","0","1"
"18-29 years","Monroe","770","2","12"
"30-39 years","Monroe","674","0","15"
"40-49 years","Monroe","731","9","34"
"50-59 years","Monroe","722","11","48"
"60-69 years","Monroe","610","32","86"
"70-79 years","Monroe","346","38","74"
"80 & Older years","Monroe","183","50","54"
"<1 years","Monroe","26","0","2"
"01-04 years","Montgomery","22","0","0"
"05-09 years","Montgomery","29","0","0"
"10-17 years","Montgomery","130","0","1"
"18-29 years","Montgomery","320","1","3"
"30-39 years","Montgomery","249","2","6"
"40-49 years","Montgomery","222","1","5"
"50-59 years","Montgomery","209","6","17"
"60-69 years","Montgomery","188","9","18"
"70-79 years","Montgomery","119","18","21"
"80 & Older years","Montgomery","54","14","11"
"<1 years","Montgomery","14","0","0"
"Unknown years","Montgomery","1","0","0"
"01-04 years","Morgan","91","0","2"
"05-09 years","Morgan","117","0","2"
"10-17 years","Morgan","258","0","2"
"18-29 years","Morgan","577","0","21"
"30-39 years","Morgan","503","1","17"
"40-49 years","Morgan","491","1","16"
"50-59 years","Morgan","527","8","37"
"60-69 years","Morgan","372","9","44"
"70-79 years","Morgan","290","11","54"
"80 & Older years","Morgan","168","29","59"
"<1 years","Morgan","50","0","2"
"01-04 years","Murray","246","0","4"
"05-09 years","Murray","359","0","3"
"10-17 years","Murray","1072","0","2"
"18-29 years","Murray","2097","0","22"
"30-39 years","Murray","1547","4","20"
"40-49 years","Murray","1568","10","47"
"50-59 years","Murray","1400","22","91"
"60-69 years","Murray","972","38","109"
"70-79 years","Murray","605","65","105"
"80 & Older years","Murray","249","42","53"
"<1 years","Murray","128","0","3"
"01-04 years","Muscogee","828","0","13"
"05-09 years","Muscogee","1453","0","5"
"10-17 years","Muscogee","3341","0","35"
"18-29 years","Muscogee","7971","14","232"
"30-39 years","Muscogee","6282","11","265"
"40-49 years","Muscogee","4979","28","327"
"50-59 years","Muscogee","4723","104","501"
"60-69 years","Muscogee","3684","183","632"
"70-79 years","Muscogee","1961","188","485"
"80 & Older years","Muscogee","1105","256","399"
"<1 years","Muscogee","279","0","15"
"Unknown years","Muscogee","15","0","3"
"01-04 years","Newton","461","0","49"
"05-09 years","Newton","944","0","31"
"10-17 years","Newton","2020","0","108"
"18-29 years","Newton","4150","2","345"
"30-39 years","Newton","3536","10","335"
"40-49 years","Newton","3648","24","354"
"50-59 years","Newton","3347","60","432"
"60-69 years","Newton","1928","87","389"
"70-79 years","Newton","1169","114","382"
"80 & Older years","Newton","622","135","253"
"<1 years","Newton","175","0","41"
"Unknown years","Newton","4","0","2"
"01-04 years","Non-GA Resident/Unknown State","1477","0","29"
"05-09 years","Non-GA Resident/Unknown State","2144","0","19"
"10-17 years","Non-GA Resident/Unknown State","4934","0","40"
"18-29 years","Non-GA Resident/Unknown State","15728","11","322"
"30-39 years","Non-GA Resident/Unknown State","12452","21","340"
"40-49 years","Non-GA Resident/Unknown State","11236","51","399"
"50-59 years","Non-GA Resident/Unknown State","10687","139","630"
"60-69 years","Non-GA Resident/Unknown State","7802","267","797"
"70-79 years","Non-GA Resident/Unknown State","4867","290","796"
"80 & Older years","Non-GA Resident/Unknown State","2520","266","576"
"<1 years","Non-GA Resident/Unknown State","819","0","38"
"Unknown years","Non-GA Resident/Unknown State","1495","0","188"
"01-04 years","Oconee","193","0","2"
"05-09 years","Oconee","347","0","1"
"10-17 years","Oconee","942","0","7"
"18-29 years","Oconee","1257","0","21"
"30-39 years","Oconee","1035","1","18"
"40-49 years","Oconee","1374","3","42"
"50-59 years","Oconee","1176","7","42"
"60-69 years","Oconee","838","16","69"
"70-79 years","Oconee","512","24","65"
"80 & Older years","Oconee","303","50","95"
"<1 years","Oconee","46","0","2"
"01-04 years","Oglethorpe","66","0","2"
"05-09 years","Oglethorpe","108","0","1"
"10-17 years","Oglethorpe","254","0","6"
"18-29 years","Oglethorpe","482","0","23"
"30-39 years","Oglethorpe","363","2","16"
"40-49 years","Oglethorpe","379","5","30"
"50-59 years","Oglethorpe","383","1","45"
"60-69 years","Oglethorpe","310","9","52"
"70-79 years","Oglethorpe","222","20","44"
"80 & Older years","Oglethorpe","116","21","45"
"<1 years","Oglethorpe","39","0","1"
"Unknown years","Oglethorpe","1","0","0"
"01-04 years","Paulding","843","0","12"
"05-09 years","Paulding","1348","0","1"
"10-17 years","Paulding","3155","0","21"
"18-29 years","Paulding","5719","1","53"
"30-39 years","Paulding","5297","9","66"
"40-49 years","Paulding","5104","17","93"
"50-59 years","Paulding","4604","42","157"
"60-69 years","Paulding","2562","76","157"
"70-79 years","Paulding","1364","87","150"
"80 & Older years","Paulding","735","110","117"
"<1 years","Paulding","340","0","6"
"Unknown years","Paulding","19","0","0"
"01-04 years","Peach","87","0","2"
"05-09 years","Peach","102","0","0"
"10-17 years","Peach","269","0","3"
"18-29 years","Peach","929","1","18"
"30-39 years","Peach","721","4","23"
"40-49 years","Peach","608","9","37"
"50-59 years","Peach","642","15","64"
"60-69 years","Peach","580","29","84"
"70-79 years","Peach","306","30","75"
"80 & Older years","Peach","143","26","53"
"<1 years","Peach","24","0","0"
"01-04 years","Pickens","88","0","9"
"05-09 years","Pickens","127","0","4"
"10-17 years","Pickens","356","0","5"
"18-29 years","Pickens","953","1","29"
"30-39 years","Pickens","787","5","43"
"40-49 years","Pickens","795","4","54"
"50-59 years","Pickens","974","15","79"
"60-69 years","Pickens","846","27","131"
"70-79 years","Pickens","614","44","135"
"80 & Older years","Pickens","278","47","83"
"<1 years","Pickens","45","0","6"
"Unknown years","Pickens","1","0","0"
"01-04 years","Pierce","70","0","0"
"05-09 years","Pierce","102","0","1"
"10-17 years","Pierce","285","2","2"
"18-29 years","Pierce","514","0","13"
"30-39 years","Pierce","409","4","18"
"40-49 years","Pierce","447","6","39"
"50-59 years","Pierce","425","17","51"
"60-69 years","Pierce","333","24","80"
"70-79 years","Pierce","223","29","80"
"80 & Older years","Pierce","101","27","35"
"<1 years","Pierce","38","0","2"
"01-04 years","Pike","102","0","0"
"05-09 years","Pike","132","0","0"
"10-17 years","Pike","322","0","1"
"18-29 years","Pike","455","2","13"
"30-39 years","Pike","465","2","13"
"40-49 years","Pike","477","4","23"
"50-59 years","Pike","437","15","38"
"60-69 years","Pike","311","20","54"
"70-79 years","Pike","201","20","51"
"80 & Older years","Pike","94","18","30"
"<1 years","Pike","38","0","0"
"Unknown years","Pike","2","0","0"
"01-04 years","Polk","243","0","3"
"05-09 years","Polk","355","0","4"
"10-17 years","Polk","1026","0","9"
"18-29 years","Polk","2133","0","37"
"30-39 years","Polk","1625","2","43"
"40-49 years","Polk","1482","8","75"
"50-59 years","Polk","1444","28","148"
"60-69 years","Polk","1012","40","169"
"70-79 years","Polk","684","53","169"
"80 & Older years","Polk","314","45","92"
"<1 years","Polk","157","0","6"
"Unknown years","Polk","7","0","1"
"01-04 years","Pulaski","36","0","0"
"05-09 years","Pulaski","51","0","0"
"10-17 years","Pulaski","126","0","1"
"18-29 years","Pulaski","237","0","3"
"30-39 years","Pulaski","215","1","4"
"40-49 years","Pulaski","185","0","11"
"50-59 years","Pulaski","196","5","12"
"60-69 years","Pulaski","160","14","18"
"70-79 years","Pulaski","79","14","18"
"80 & Older years","Pulaski","57","16","8"
"<1 years","Pulaski","16","0","0"
"Unknown years","Pulaski","25","0","0"
"01-04 years","Putnam","72","0","0"
"05-09 years","Putnam","127","0","1"
"10-17 years","Putnam","328","0","3"
"18-29 years","Putnam","664","0","9"
"30-39 years","Putnam","588","3","21"
"40-49 years","Putnam","495","4","26"
"50-59 years","Putnam","653","6","51"
"60-69 years","Putnam","586","29","69"
"70-79 years","Putnam","448","36","104"
"80 & Older years","Putnam","197","27","57"
"<1 years","Putnam","28","0","1"
"01-04 years","Quitman","10","0","0"
"05-09 years","Quitman","16","0","0"
"10-17 years","Quitman","28","0","0"
"18-29 years","Quitman","39","0","2"
"30-39 years","Quitman","33","0","2"
"40-49 years","Quitman","18","0","1"
"50-59 years","Quitman","43","0","4"
"60-69 years","Quitman","48","1","7"
"70-79 years","Quitman","15","1","2"
"80 & Older years","Quitman","13","1","5"
"<1 years","Quitman","8","0","1"
"01-04 years","Rabun","56","0","0"
"05-09 years","Rabun","98","0","0"
"10-17 years","Rabun","276","0","2"
"18-29 years","Rabun","427","2","10"
"30-39 years","Rabun","351","2","16"
"40-49 years","Rabun","386","3","26"
"50-59 years","Rabun","458","9","51"
"60-69 years","Rabun","476","15","56"
"70-79 years","Rabun","375","28","77"
"80 & Older years","Rabun","152","26","53"
"<1 years","Rabun","28","0","1"
"Unknown years","Rabun","1","0","0"
"01-04 years","Randolph","19","0","1"
"05-09 years","Randolph","44","0","0"
"10-17 years","Randolph","95","0","3"
"18-29 years","Randolph","144","1","7"
"30-39 years","Randolph","125","2","10"
"40-49 years","Randolph","95","0","9"
"50-59 years","Randolph","143","7","30"
"60-69 years","Randolph","112","10","24"
"70-79 years","Randolph","79","7","23"
"80 & Older years","Randolph","60","15","18"
"<1 years","Randolph","5","0","0"
"01-04 years","Richmond","908","0","21"
"05-09 years","Richmond","1512","1","21"
"10-17 years","Richmond","3443","0","54"
"18-29 years","Richmond","10127","16","158"
"30-39 years","Richmond","7595","17","220"
"40-49 years","Richmond","5602","36","254"
"50-59 years","Richmond","5082","77","450"
"60-69 years","Richmond","4009","174","571"
"70-79 years","Richmond","2136","206","573"
"80 & Older years","Richmond","1179","242","446"
"<1 years","Richmond","332","0","23"
"Unknown years","Richmond","22","0","0"
"01-04 years","Rockdale","400","0","41"
"05-09 years","Rockdale","671","0","35"
"10-17 years","Rockdale","1668","0","98"
"18-29 years","Rockdale","3427","5","304"
"30-39 years","Rockdale","2937","5","321"
"40-49 years","Rockdale","2995","12","315"
"50-59 years","Rockdale","3023","32","397"
"60-69 years","Rockdale","1881","71","358"
"70-79 years","Rockdale","1074","89","333"
"80 & Older years","Rockdale","572","95","261"
"<1 years","Rockdale","115","0","18"
"Unknown years","Rockdale","7","0","6"
"01-04 years","Schley","15","0","0"
"05-09 years","Schley","21","0","0"
"10-17 years","Schley","67","0","0"
"18-29 years","Schley","95","0","3"
"30-39 years","Schley","78","0","0"
"40-49 years","Schley","91","0","5"
"50-59 years","Schley","88","2","9"
"60-69 years","Schley","58","1","9"
"70-79 years","Schley","48","6","9"
"80 & Older years","Schley","13","2","3"
"<1 years","Schley","5","0","0"
"01-04 years","Screven","40","0","2"
"05-09 years","Screven","83","0","0"
"10-17 years","Screven","229","0","2"
"18-29 years","Screven","337","0","10"
"30-39 years","Screven","311","1","7"
"40-49 years","Screven","255","5","14"
"50-59 years","Screven","270","6","24"
"60-69 years","Screven","248","8","27"
"70-79 years","Screven","145","10","26"
"80 & Older years","Screven","78","11","20"
"<1 years","Screven","22","0","0"
"Unknown years","Screven","1","0","0"
"01-04 years","Seminole","48","0","0"
"05-09 years","Seminole","64","0","0"
"10-17 years","Seminole","191","0","1"
"18-29 years","Seminole","300","0","5"
"30-39 years","Seminole","247","1","6"
"40-49 years","Seminole","222","0","11"
"50-59 years","Seminole","248","5","13"
"60-69 years","Seminole","248","8","38"
"70-79 years","Seminole","163","9","28"
"80 & Older years","Seminole","79","8","28"
"<1 years","Seminole","24","0","1"
"Unknown years","Seminole","1","0","0"
"01-04 years","Spalding","311","0","3"
"05-09 years","Spalding","399","0","1"
"10-17 years","Spalding","922","0","10"
"18-29 years","Spalding","2188","4","67"
"30-39 years","Spalding","1895","7","71"
"40-49 years","Spalding","1698","18","101"
"50-59 years","Spalding","1657","42","155"
"60-69 years","Spalding","1311","97","210"
"70-79 years","Spalding","852","107","187"
"80 & Older years","Spalding","467","103","129"
"<1 years","Spalding","125","0","7"
"Unknown years","Spalding","12","0","3"
"01-04 years","Stephens","109","0","3"
"05-09 years","Stephens","170","0","1"
"10-17 years","Stephens","551","0","3"
"18-29 years","Stephens","1172","1","30"
"30-39 years","Stephens","797","0","16"
"40-49 years","Stephens","914","1","33"
"50-59 years","Stephens","982","18","74"
"60-69 years","Stephens","890","36","108"
"70-79 years","Stephens","601","47","124"
"80 & Older years","Stephens","301","42","65"
"<1 years","Stephens","47","0","2"
"Unknown years","Stephens","2","0","0"
"01-04 years","Stewart","12","0","1"
"05-09 years","Stewart","24","0","0"
"10-17 years","Stewart","61","0","0"
"18-29 years","Stewart","879","0","24"
"30-39 years","Stewart","715","1","29"
"40-49 years","Stewart","445","3","25"
"50-59 years","Stewart","229","3","22"
"60-69 years","Stewart","115","16","34"
"70-79 years","Stewart","48","4","10"
"80 & Older years","Stewart","40","6","11"
"<1 years","Stewart","4","0","0"
"Unknown years","Stewart","9","0","0"
"01-04 years","Sumter","98","0","2"
"05-09 years","Sumter","146","0","0"
"10-17 years","Sumter","311","0","11"
"18-29 years","Sumter","816","2","30"
"30-39 years","Sumter","643","2","43"
"40-49 years","Sumter","589","12","49"
"50-59 years","Sumter","622","15","79"
"60-69 years","Sumter","497","36","103"
"70-79 years","Sumter","306","43","92"
"80 & Older years","Sumter","212","55","89"
"<1 years","Sumter","62","0","4"
"01-04 years","Talbot","33","0","1"
"05-09 years","Talbot","41","0","0"
"10-17 years","Talbot","87","0","1"
"18-29 years","Talbot","177","0","5"
"30-39 years","Talbot","129","0","4"
"40-49 years","Talbot","143","3","7"
"50-59 years","Talbot","165","6","17"
"60-69 years","Talbot","145","9","33"
"70-79 years","Talbot","81","8","14"
"80 & Older years","Talbot","45","7","17"
"<1 years","Talbot","9","0","0"
"01-04 years","Taliaferro","3","0","0"
"05-09 years","Taliaferro","4","0","1"
"10-17 years","Taliaferro","14","0","0"
"18-29 years","Taliaferro","34","0","3"
"30-39 years","Taliaferro","34","0","1"
"40-49 years","Taliaferro","34","0","3"
"50-59 years","Taliaferro","22","0","1"
"60-69 years","Taliaferro","33","1","5"
"70-79 years","Taliaferro","19","1","7"
"80 & Older years","Taliaferro","5","1","3"
"<1 years","Taliaferro","1","0","0"
"01-04 years","Tattnall","91","0","1"
"05-09 years","Tattnall","129","0","1"
"10-17 years","Tattnall","337","0","3"
"18-29 years","Tattnall","677","1","5"
"30-39 years","Tattnall","603","2","14"
"40-49 years","Tattnall","541","1","17"
"50-59 years","Tattnall","538","17","39"
"60-69 years","Tattnall","380","25","57"
"70-79 years","Tattnall","207","34","55"
"80 & Older years","Tattnall","76","9","22"
"<1 years","Tattnall","45","0","1"
"01-04 years","Taylor","35","0","3"
"05-09 years","Taylor","88","0","0"
"10-17 years","Taylor","128","0","1"
"18-29 years","Taylor","211","1","7"
"30-39 years","Taylor","158","1","5"
"40-49 years","Taylor","203","1","19"
"50-59 years","Taylor","164","4","26"
"60-69 years","Taylor","148","8","30"
"70-79 years","Taylor","81","11","24"
"80 & Older years","Taylor","58","12","17"
"<1 years","Taylor","14","0","1"
"01-04 years","Telfair","20","0","0"
"05-09 years","Telfair","33","0","0"
"10-17 years","Telfair","73","0","1"
"18-29 years","Telfair","268","0","4"
"30-39 years","Telfair","213","1","6"
"40-49 years","Telfair","214","2","9"
"50-59 years","Telfair","190","8","18"
"60-69 years","Telfair","168","13","27"
"70-79 years","Telfair","110","18","27"
"80 & Older years","Telfair","57","17","15"
"<1 years","Telfair","13","0","0"
"Unknown years","Telfair","1","0","0"
"01-04 years","Terrell","31","0","0"
"05-09 years","Terrell","45","0","0"
"10-17 years","Terrell","202","0","1"
"18-29 years","Terrell","180","0","11"
"30-39 years","Terrell","161","0","16"
"40-49 years","Terrell","146","2","18"
"50-59 years","Terrell","183","10","34"
"60-69 years","Terrell","160","14","49"
"70-79 years","Terrell","96","21","35"
"80 & Older years","Terrell","60","19","22"
"<1 years","Terrell","10","0","0"
"01-04 years","Thomas","329","1","2"
"05-09 years","Thomas","570","0","4"
"10-17 years","Thomas","1205","0","3"
"18-29 years","Thomas","1627","2","50"
"30-39 years","Thomas","1336","5","42"
"40-49 years","Thomas","1259","12","77"
"50-59 years","Thomas","1268","29","118"
"60-69 years","Thomas","943","34","184"
"70-79 years","Thomas","546","50","136"
"80 & Older years","Thomas","318","62","116"
"<1 years","Thomas","163","0","5"
"Unknown years","Thomas","3","0","0"
"01-04 years","Tift","180","0","8"
"05-09 years","Tift","244","0","6"
"10-17 years","Tift","581","0","13"
"18-29 years","Tift","1432","2","46"
"30-39 years","Tift","1062","4","59"
"40-49 years","Tift","962","11","84"
"50-59 years","Tift","843","20","99"
"60-69 years","Tift","671","31","118"
"70-79 years","Tift","414","50","123"
"80 & Older years","Tift","247","54","90"
"<1 years","Tift","101","0","5"
"Unknown years","Tift","1","0","0"
"01-04 years","Toombs","89","0","1"
"05-09 years","Toombs","154","0","0"
"10-17 years","Toombs","437","0","2"
"18-29 years","Toombs","1128","1","20"
"30-39 years","Toombs","885","2","12"
"40-49 years","Toombs","814","9","43"
"50-59 years","Toombs","837","21","46"
"60-69 years","Toombs","734","37","87"
"70-79 years","Toombs","493","50","61"
"80 & Older years","Toombs","266","58","48"
"<1 years","Toombs","45","0","2"
"Unknown years","Toombs","1","0","0"
"01-04 years","Towns","27","0","1"
"05-09 years","Towns","35","0","1"
"10-17 years","Towns","108","0","2"
"18-29 years","Towns","325","0","5"
"30-39 years","Towns","210","1","6"
"40-49 years","Towns","257","4","8"
"50-59 years","Towns","402","9","35"
"60-69 years","Towns","492","15","42"
"70-79 years","Towns","406","21","63"
"80 & Older years","Towns","297","46","86"
"<1 years","Towns","11","0","0"
"Unknown years","Towns","1","0","0"
"01-04 years","Treutlen","20","0","0"
"05-09 years","Treutlen","38","0","1"
"10-17 years","Treutlen","97","0","1"
"18-29 years","Treutlen","235","0","4"
"30-39 years","Treutlen","212","0","7"
"40-49 years","Treutlen","188","6","8"
"50-59 years","Treutlen","175","3","12"
"60-69 years","Treutlen","128","9","18"
"70-79 years","Treutlen","91","21","14"
"80 & Older years","Treutlen","53","14","13"
"<1 years","Treutlen","2","0","0"
"01-04 years","Troup","418","0","3"
"05-09 years","Troup","564","0","1"
"10-17 years","Troup","1262","0","13"
"18-29 years","Troup","2911","3","50"
"30-39 years","Troup","2314","10","74"
"40-49 years","Troup","1939","14","84"
"50-59 years","Troup","1930","46","170"
"60-69 years","Troup","1390","70","168"
"70-79 years","Troup","793","79","156"
"80 & Older years","Troup","501","123","101"
"<1 years","Troup","182","0","5"
"Unknown years","Troup","2","0","0"
"01-04 years","Turner","21","0","0"
"05-09 years","Turner","31","0","1"
"10-17 years","Turner","61","0","2"
"18-29 years","Turner","224","0","9"
"30-39 years","Turner","228","1","16"
"40-49 years","Turner","204","1","11"
"50-59 years","Turner","177","2","20"
"60-69 years","Turner","137","11","37"
"70-79 years","Turner","79","15","23"
"80 & Older years","Turner","47","19","19"
"<1 years","Turner","23","0","1"
"01-04 years","Twiggs","30","0","1"
"05-09 years","Twiggs","26","0","1"
"10-17 years","Twiggs","76","0","1"
"18-29 years","Twiggs","168","0","3"
"30-39 years","Twiggs","153","1","5"
"40-49 years","Twiggs","156","2","13"
"50-59 years","Twiggs","209","4","33"
"60-69 years","Twiggs","202","15","49"
"70-79 years","Twiggs","108","19","42"
"80 & Older years","Twiggs","46","17","24"
"<1 years","Twiggs","6","0","0"
"01-04 years","Union","48","0","0"
"05-09 years","Union","92","0","0"
"10-17 years","Union","270","0","2"
"18-29 years","Union","633","1","9"
"30-39 years","Union","584","3","15"
"40-49 years","Union","564","2","27"
"50-59 years","Union","745","10","61"
"60-69 years","Union","965","24","106"
"70-79 years","Union","860","46","154"
"80 & Older years","Union","448","72","149"
"<1 years","Union","28","0","2"
"Unknown years","Union","5","0","0"
"01-04 years","Unknown","358","0","3"
"05-09 years","Unknown","522","0","0"
"10-17 years","Unknown","1088","0","1"
"18-29 years","Unknown","2342","0","9"
"30-39 years","Unknown","1598","0","9"
"40-49 years","Unknown","1492","0","7"
"50-59 years","Unknown","1209","0","11"
"60-69 years","Unknown","724","0","22"
"70-79 years","Unknown","345","0","15"
"80 & Older years","Unknown","166","0","12"
"<1 years","Unknown","196","0","2"
"Unknown years","Unknown","140","0","4"
"01-04 years","Upson","164","0","2"
"05-09 years","Upson","219","0","0"
"10-17 years","Upson","473","1","6"
"18-29 years","Upson","880","0","23"
"30-39 years","Upson","691","2","19"
"40-49 years","Upson","641","3","34"
"50-59 years","Upson","651","18","69"
"60-69 years","Upson","564","43","100"
"70-79 years","Upson","378","61","106"
"80 & Older years","Upson","202","61","80"
"<1 years","Upson","72","0","3"
"Unknown years","Upson","5","0","0"
"01-04 years","Walker","320","0","3"
"05-09 years","Walker","525","0","2"
"10-17 years","Walker","1361","0","11"
"18-29 years","Walker","2772","0","33"
"30-39 years","Walker","2241","2","35"
"40-49 years","Walker","2372","12","77"
"50-59 years","Walker","2145","17","93"
"60-69 years","Walker","1673","45","130"
"70-79 years","Walker","1094","66","141"
"80 & Older years","Walker","527","75","93"
"<1 years","Walker","135","0","8"
"Unknown years","Walker","25","0","3"
"01-04 years","Walton","363","0","25"
"05-09 years","Walton","581","0","27"
"10-17 years","Walton","1539","0","60"
"18-29 years","Walton","3209","3","212"
"30-39 years","Walton","2883","8","191"
"40-49 years","Walton","2902","13","227"
"50-59 years","Walton","2855","37","296"
"60-69 years","Walton","1964","72","348"
"70-79 years","Walton","1314","127","362"
"80 & Older years","Walton","763","157","289"
"<1 years","Walton","169","0","22"
"Unknown years","Walton","3","0","1"
"01-04 years","Ware","183","0","1"
"05-09 years","Ware","242","0","0"
"10-17 years","Ware","625","0","5"
"18-29 years","Ware","1175","3","23"
"30-39 years","Ware","975","4","43"
"40-49 years","Ware","883","5","61"
"50-59 years","Ware","803","35","141"
"60-69 years","Ware","614","42","133"
"70-79 years","Ware","450","58","148"
"80 & Older years","Ware","298","81","93"
"<1 years","Ware","74","0","3"
"Unknown years","Ware","2","0","0"
"01-04 years","Warren","14","0","0"
"05-09 years","Warren","17","0","1"
"10-17 years","Warren","50","0","1"
"18-29 years","Warren","141","0","4"
"30-39 years","Warren","107","0","6"
"40-49 years","Warren","101","3","9"
"50-59 years","Warren","98","3","11"
"60-69 years","Warren","84","3","16"
"70-79 years","Warren","68","9","24"
"80 & Older years","Warren","37","10","18"
"<1 years","Warren","10","0","1"
"Unknown years","Warren","1","0","0"
"01-04 years","Washington","120","0","0"
"05-09 years","Washington","166","0","0"
"10-17 years","Washington","406","1","5"
"18-29 years","Washington","600","0","8"
"30-39 years","Washington","533","2","16"
"40-49 years","Washington","500","6","16"
"50-59 years","Washington","467","9","24"
"60-69 years","Washington","389","18","41"
"70-79 years","Washington","192","18","35"
"80 & Older years","Washington","99","30","16"
"<1 years","Washington","50","0","2"
"Unknown years","Washington","1","0","0"
"01-04 years","Wayne","107","0","3"
"05-09 years","Wayne","184","0","2"
"10-17 years","Wayne","559","0","4"
"18-29 years","Wayne","1074","1","18"
"30-39 years","Wayne","1007","7","27"
"40-49 years","Wayne","1000","12","73"
"50-59 years","Wayne","912","27","86"
"60-69 years","Wayne","702","46","128"
"70-79 years","Wayne","479","51","140"
"80 & Older years","Wayne","232","49","72"
"<1 years","Wayne","60","0","3"
"01-04 years","Webster","1","0","0"
"05-09 years","Webster","10","0","0"
"10-17 years","Webster","21","0","0"
"18-29 years","Webster","51","0","3"
"30-39 years","Webster","29","0","2"
"40-49 years","Webster","43","1","3"
"50-59 years","Webster","44","3","8"
"60-69 years","Webster","42","1","7"
"70-79 years","Webster","22","3","5"
"80 & Older years","Webster","9","2","3"
"<1 years","Webster","3","0","0"
"01-04 years","Wheeler","14","0","0"
"05-09 years","Wheeler","12","0","1"
"10-17 years","Wheeler","52","0","0"
"18-29 years","Wheeler","169","0","0"
"30-39 years","Wheeler","196","2","2"
"40-49 years","Wheeler","182","3","5"
"50-59 years","Wheeler","159","9","12"
"60-69 years","Wheeler","88","6","11"
"70-79 years","Wheeler","62","10","14"
"80 & Older years","Wheeler","18","5","3"
"<1 years","Wheeler","8","0","1"
"Unknown years","Wheeler","23","0","1"
"01-04 years","White","102","0","1"
"05-09 years","White","204","0","1"
"10-17 years","White","624","0","2"
"18-29 years","White","1111","2","19"
"30-39 years","White","880","3","16"
"40-49 years","White","1003","8","43"
"50-59 years","White","1130","12","78"
"60-69 years","White","1031","24","116"
"70-79 years","White","847","48","151"
"80 & Older years","White","447","58","123"
"<1 years","White","48","0","2"
"Unknown years","White","3","0","0"
"01-04 years","Whitfield","591","0","4"
"05-09 years","Whitfield","992","0","5"
"10-17 years","Whitfield","2920","0","17"
"18-29 years","Whitfield","6818","3","74"
"30-39 years","Whitfield","4715","8","98"
"40-49 years","Whitfield","4458","13","128"
"50-59 years","Whitfield","4066","62","203"
"60-69 years","Whitfield","2565","84","232"
"70-79 years","Whitfield","1545","113","220"
"80 & Older years","Whitfield","848","153","185"
"<1 years","Whitfield","259","0","6"
"Unknown years","Whitfield","2","0","0"
"01-04 years","Wilcox","30","0","1"
"05-09 years","Wilcox","34","0","1"
"10-17 years","Wilcox","67","0","0"
"18-29 years","Wilcox","121","0","2"
"30-39 years","Wilcox","111","0","3"
"40-49 years","Wilcox","127","0","15"
"50-59 years","Wilcox","127","2","22"
"60-69 years","Wilcox","136","11","33"
"70-79 years","Wilcox","84","13","15"
"80 & Older years","Wilcox","30","9","11"
"<1 years","Wilcox","11","0","1"
"01-04 years","Wilkes","18","0","1"
"05-09 years","Wilkes","36","0","0"
"10-17 years","Wilkes","95","0","2"
"18-29 years","Wilkes","218","1","9"
"30-39 years","Wilkes","148","0","9"
"40-49 years","Wilkes","176","1","23"
"50-59 years","Wilkes","164","5","22"
"60-69 years","Wilkes","151","9","37"
"70-79 years","Wilkes","100","10","33"
"80 & Older years","Wilkes","60","12","26"
"<1 years","Wilkes","12","0","2"
"01-04 years","Wilkinson","41","0","0"
"05-09 years","Wilkinson","58","0","0"
"10-17 years","Wilkinson","165","0","2"
"18-29 years","Wilkinson","312","0","5"
"30-39 years","Wilkinson","267","0","14"
"40-49 years","Wilkinson","259","0","11"
"50-59 years","Wilkinson","290","7","34"
"60-69 years","Wilkinson","249","20","58"
"70-79 years","Wilkinson","119","16","29"
"80 & Older years","Wilkinson","70","13","24"
"<1 years","Wilkinson","13","0","0"
"01-04 years","Worth","56","0","2"
"05-09 years","Worth","94","0","2"
"10-17 years","Worth","244","1","6"
"18-29 years","Worth","461","1","23"
"30-39 years","Worth","354","0","22"
"40-49 years","Worth","338","4","29"
"50-59 years","Worth","336","9","45"
"60-69 years","Worth","325","27","83"
"70-79 years","Worth","199","27","65"
"80 & Older years","Worth","116","28","44"
"<1 years","Worth","25","0","0"
"Unknown years","Worth","2","0","0"
