"age group","county name","cases","deaths","confirmed_case_hospitalization"
"01-04 years","Georgia","54377","7","921"
"05-09 years","Georgia","86623","5","630"
"10-17 years","Georgia","205101","22","1992"
"18-29 years","Georgia","470580","286","9656"
"30-39 years","Georgia","376282","735","11601"
"40-49 years","Georgia","338983","1620","14934"
"50-59 years","Georgia","308705","3930","21761"
"60-69 years","Georgia","210703","7125","25198"
"70-79 years","Georgia","120680","9311","23643"
"80 & Older years","Georgia","63012","10928","17929"
"<1 years","Georgia","20466","6","967"
"Unknown years","Georgia","2816","0","422"
"01-04 years","Appling","84","0","0"
"05-09 years","Appling","133","0","0"
"10-17 years","Appling","432","1","3"
"18-29 years","Appling","673","1","9"
"30-39 years","Appling","520","4","12"
"40-49 years","Appling","506","10","31"
"50-59 years","Appling","508","12","53"
"60-69 years","Appling","430","25","79"
"70-79 years","Appling","300","27","66"
"80 & Older years","Appling","152","36","48"
"<1 years","Appling","27","0","0"
"01-04 years","Atkinson","46","1","3"
"05-09 years","Atkinson","77","0","1"
"10-17 years","Atkinson","192","0","2"
"18-29 years","Atkinson","327","0","16"
"30-39 years","Atkinson","242","0","20"
"40-49 years","Atkinson","248","4","39"
"50-59 years","Atkinson","228","5","45"
"60-69 years","Atkinson","160","12","56"
"70-79 years","Atkinson","85","10","38"
"80 & Older years","Atkinson","42","14","29"
"<1 years","Atkinson","19","0","1"
"01-04 years","Bacon","60","0","1"
"05-09 years","Bacon","87","0","0"
"10-17 years","Bacon","244","0","1"
"18-29 years","Bacon","675","0","15"
"30-39 years","Bacon","412","1","13"
"40-49 years","Bacon","406","5","27"
"50-59 years","Bacon","327","5","33"
"60-69 years","Bacon","271","21","61"
"70-79 years","Bacon","182","19","56"
"80 & Older years","Bacon","98","18","36"
"<1 years","Bacon","21","0","0"
"Unknown years","Bacon","1","0","0"
"01-04 years","Baker","12","0","0"
"05-09 years","Baker","23","0","0"
"10-17 years","Baker","23","0","1"
"18-29 years","Baker","64","0","1"
"30-39 years","Baker","41","0","6"
"40-49 years","Baker","38","3","4"
"50-59 years","Baker","43","0","5"
"60-69 years","Baker","47","3","18"
"70-79 years","Baker","26","3","11"
"80 & Older years","Baker","18","5","8"
"<1 years","Baker","3","0","0"
"01-04 years","Baldwin","149","0","2"
"05-09 years","Baldwin","283","0","0"
"10-17 years","Baldwin","611","1","5"
"18-29 years","Baldwin","2209","0","25"
"30-39 years","Baldwin","1162","2","25"
"40-49 years","Baldwin","1067","7","49"
"50-59 years","Baldwin","1050","25","91"
"60-69 years","Baldwin","827","45","117"
"70-79 years","Baldwin","517","56","85"
"80 & Older years","Baldwin","295","76","82"
"<1 years","Baldwin","53","0","4"
"Unknown years","Baldwin","1","0","0"
"01-04 years","Banks","68","0","3"
"05-09 years","Banks","109","0","2"
"10-17 years","Banks","273","0","5"
"18-29 years","Banks","738","1","26"
"30-39 years","Banks","558","0","23"
"40-49 years","Banks","537","7","35"
"50-59 years","Banks","564","11","51"
"60-69 years","Banks","465","19","86"
"70-79 years","Banks","340","31","96"
"80 & Older years","Banks","151","22","48"
"<1 years","Banks","37","0","3"
"Unknown years","Banks","6","0","1"
"01-04 years","Barrow","504","0","10"
"05-09 years","Barrow","833","0","6"
"10-17 years","Barrow","2159","1","23"
"18-29 years","Barrow","4242","2","82"
"30-39 years","Barrow","3830","3","105"
"40-49 years","Barrow","3558","13","130"
"50-59 years","Barrow","3091","25","196"
"60-69 years","Barrow","2052","62","224"
"70-79 years","Barrow","1227","69","186"
"80 & Older years","Barrow","540","86","158"
"<1 years","Barrow","226","0","11"
"Unknown years","Barrow","7","0","2"
"01-04 years","Bartow","616","0","19"
"05-09 years","Bartow","866","0","7"
"10-17 years","Bartow","2298","0","25"
"18-29 years","Bartow","4763","0","61"
"30-39 years","Bartow","3930","6","92"
"40-49 years","Bartow","3675","12","148"
"50-59 years","Bartow","3869","38","261"
"60-69 years","Bartow","2503","102","280"
"70-79 years","Bartow","1550","131","311"
"80 & Older years","Bartow","761","120","199"
"<1 years","Bartow","281","0","12"
"Unknown years","Bartow","10","0","2"
"01-04 years","Ben Hill","46","0","1"
"05-09 years","Ben Hill","43","0","0"
"10-17 years","Ben Hill","187","0","0"
"18-29 years","Ben Hill","446","0","5"
"30-39 years","Ben Hill","365","3","13"
"40-49 years","Ben Hill","314","2","18"
"50-59 years","Ben Hill","336","7","37"
"60-69 years","Ben Hill","297","17","42"
"70-79 years","Ben Hill","191","25","62"
"80 & Older years","Ben Hill","86","20","26"
"<1 years","Ben Hill","23","0","2"
"01-04 years","Berrien","69","0","1"
"05-09 years","Berrien","76","0","0"
"10-17 years","Berrien","202","0","1"
"18-29 years","Berrien","412","0","0"
"30-39 years","Berrien","342","0","6"
"40-49 years","Berrien","273","1","8"
"50-59 years","Berrien","317","6","31"
"60-69 years","Berrien","240","13","32"
"70-79 years","Berrien","171","24","30"
"80 & Older years","Berrien","90","19","18"
"<1 years","Berrien","38","0","0"
"01-04 years","Bibb","583","0","12"
"05-09 years","Bibb","1005","0","5"
"10-17 years","Bibb","2429","0","21"
"18-29 years","Bibb","7185","4","175"
"30-39 years","Bibb","5450","13","238"
"40-49 years","Bibb","4874","32","361"
"50-59 years","Bibb","4414","71","518"
"60-69 years","Bibb","3382","166","665"
"70-79 years","Bibb","1962","202","556"
"80 & Older years","Bibb","1042","229","442"
"<1 years","Bibb","191","0","11"
"Unknown years","Bibb","4","0","0"
"01-04 years","Bleckley","26","0","1"
"05-09 years","Bleckley","61","0","0"
"10-17 years","Bleckley","168","0","1"
"18-29 years","Bleckley","355","0","6"
"30-39 years","Bleckley","225","1","5"
"40-49 years","Bleckley","208","1","4"
"50-59 years","Bleckley","197","4","14"
"60-69 years","Bleckley","145","11","20"
"70-79 years","Bleckley","102","9","18"
"80 & Older years","Bleckley","78","21","17"
"<1 years","Bleckley","9","0","0"
"01-04 years","Brantley","66","0","0"
"05-09 years","Brantley","104","0","0"
"10-17 years","Brantley","283","0","1"
"18-29 years","Brantley","507","0","5"
"30-39 years","Brantley","391","3","9"
"40-49 years","Brantley","366","6","24"
"50-59 years","Brantley","406","20","44"
"60-69 years","Brantley","285","18","48"
"70-79 years","Brantley","197","29","54"
"80 & Older years","Brantley","80","17","20"
"<1 years","Brantley","12","0","0"
"Unknown years","Brantley","1","0","0"
"01-04 years","Brooks","61","0","2"
"05-09 years","Brooks","72","0","0"
"10-17 years","Brooks","175","0","0"
"18-29 years","Brooks","360","0","4"
"30-39 years","Brooks","305","1","11"
"40-49 years","Brooks","289","2","18"
"50-59 years","Brooks","305","7","35"
"60-69 years","Brooks","216","13","32"
"70-79 years","Brooks","190","23","36"
"80 & Older years","Brooks","120","29","35"
"<1 years","Brooks","26","0","0"
"Unknown years","Brooks","1","0","0"
"01-04 years","Bryan","283","0","3"
"05-09 years","Bryan","386","0","2"
"10-17 years","Bryan","908","0","7"
"18-29 years","Bryan","1465","2","25"
"30-39 years","Bryan","1320","5","38"
"40-49 years","Bryan","1286","6","59"
"50-59 years","Bryan","937","10","65"
"60-69 years","Bryan","580","20","85"
"70-79 years","Bryan","344","25","119"
"80 & Older years","Bryan","137","19","51"
"<1 years","Bryan","132","0","9"
"Unknown years","Bryan","9","0","0"
"01-04 years","Bulloch","284","0","1"
"05-09 years","Bulloch","472","0","2"
"10-17 years","Bulloch","1142","0","4"
"18-29 years","Bulloch","4022","1","21"
"30-39 years","Bulloch","1631","5","38"
"40-49 years","Bulloch","1225","7","42"
"50-59 years","Bulloch","1115","18","77"
"60-69 years","Bulloch","734","25","90"
"70-79 years","Bulloch","390","34","77"
"80 & Older years","Bulloch","191","27","56"
"<1 years","Bulloch","130","0","8"
"Unknown years","Bulloch","1","0","0"
"01-04 years","Burke","60","0","1"
"05-09 years","Burke","110","0","0"
"10-17 years","Burke","280","0","4"
"18-29 years","Burke","630","2","20"
"30-39 years","Burke","513","2","23"
"40-49 years","Burke","507","5","31"
"50-59 years","Burke","444","8","46"
"60-69 years","Burke","367","15","61"
"70-79 years","Burke","189","25","63"
"80 & Older years","Burke","62","15","25"
"<1 years","Burke","26","0","0"
"Unknown years","Burke","2","0","0"
"01-04 years","Butts","112","0","3"
"05-09 years","Butts","140","0","0"
"10-17 years","Butts","378","0","7"
"18-29 years","Butts","976","0","20"
"30-39 years","Butts","880","2","16"
"40-49 years","Butts","784","5","33"
"50-59 years","Butts","819","20","67"
"60-69 years","Butts","601","28","80"
"70-79 years","Butts","396","47","72"
"80 & Older years","Butts","246","50","35"
"<1 years","Butts","49","0","3"
"Unknown years","Butts","2","0","0"
"01-04 years","Calhoun","29","0","0"
"05-09 years","Calhoun","24","0","0"
"10-17 years","Calhoun","74","0","1"
"18-29 years","Calhoun","190","0","10"
"30-39 years","Calhoun","199","3","10"
"40-49 years","Calhoun","169","1","12"
"50-59 years","Calhoun","150","4","22"
"60-69 years","Calhoun","124","4","31"
"70-79 years","Calhoun","51","7","13"
"80 & Older years","Calhoun","49","5","16"
"<1 years","Calhoun","7","0","0"
"01-04 years","Camden","300","0","0"
"05-09 years","Camden","441","0","2"
"10-17 years","Camden","996","0","3"
"18-29 years","Camden","2246","0","13"
"30-39 years","Camden","1796","3","27"
"40-49 years","Camden","1256","10","34"
"50-59 years","Camden","1322","17","45"
"60-69 years","Camden","960","29","66"
"70-79 years","Camden","573","24","51"
"80 & Older years","Camden","232","33","37"
"<1 years","Camden","94","0","2"
"Unknown years","Camden","59","0","0"
"01-04 years","Candler","25","0","0"
"05-09 years","Candler","50","0","0"
"10-17 years","Candler","134","0","0"
"18-29 years","Candler","259","0","2"
"30-39 years","Candler","211","0","8"
"40-49 years","Candler","208","5","7"
"50-59 years","Candler","243","13","26"
"60-69 years","Candler","169","12","28"
"70-79 years","Candler","115","15","26"
"80 & Older years","Candler","49","14","19"
"<1 years","Candler","20","0","1"
"01-04 years","Carroll","321","0","4"
"05-09 years","Carroll","517","0","5"
"10-17 years","Carroll","1537","0","7"
"18-29 years","Carroll","3687","0","28"
"30-39 years","Carroll","2613","3","29"
"40-49 years","Carroll","2316","13","52"
"50-59 years","Carroll","2253","20","84"
"60-69 years","Carroll","1531","39","120"
"70-79 years","Carroll","897","53","97"
"80 & Older years","Carroll","455","65","63"
"<1 years","Carroll","126","0","2"
"Unknown years","Carroll","13","0","7"
"01-04 years","Catoosa","320","0","2"
"05-09 years","Catoosa","519","0","2"
"10-17 years","Catoosa","1383","0","3"
"18-29 years","Catoosa","2591","1","19"
"30-39 years","Catoosa","2123","2","23"
"40-49 years","Catoosa","2103","5","46"
"50-59 years","Catoosa","1997","18","72"
"60-69 years","Catoosa","1386","22","91"
"70-79 years","Catoosa","913","40","103"
"80 & Older years","Catoosa","557","61","77"
"<1 years","Catoosa","113","0","2"
"Unknown years","Catoosa","20","0","1"
"01-04 years","Charlton","42","0","1"
"05-09 years","Charlton","65","0","0"
"10-17 years","Charlton","143","0","0"
"18-29 years","Charlton","585","0","4"
"30-39 years","Charlton","483","2","5"
"40-49 years","Charlton","381","3","13"
"50-59 years","Charlton","283","5","14"
"60-69 years","Charlton","249","12","36"
"70-79 years","Charlton","142","14","35"
"80 & Older years","Charlton","58","12","21"
"<1 years","Charlton","20","0","0"
"01-04 years","Chatham","2317","0","25"
"05-09 years","Chatham","3220","1","14"
"10-17 years","Chatham","6098","0","45"
"18-29 years","Chatham","14150","8","246"
"30-39 years","Chatham","10829","27","361"
"40-49 years","Chatham","8024","49","406"
"50-59 years","Chatham","7057","100","589"
"60-69 years","Chatham","5319","183","781"
"70-79 years","Chatham","2893","244","754"
"80 & Older years","Chatham","1566","281","655"
"<1 years","Chatham","1007","0","33"
"Unknown years","Chatham","22","0","3"
"01-04 years","Chattahoochee","34","0","0"
"05-09 years","Chattahoochee","71","0","0"
"10-17 years","Chattahoochee","251","0","2"
"18-29 years","Chattahoochee","5445","7","12"
"30-39 years","Chattahoochee","642","2","7"
"40-49 years","Chattahoochee","157","1","4"
"50-59 years","Chattahoochee","98","2","12"
"60-69 years","Chattahoochee","63","1","12"
"70-79 years","Chattahoochee","33","1","8"
"80 & Older years","Chattahoochee","16","3","6"
"<1 years","Chattahoochee","15","0","0"
"Unknown years","Chattahoochee","1","0","0"
"01-04 years","Chattooga","124","0","1"
"05-09 years","Chattooga","208","0","2"
"10-17 years","Chattooga","583","0","7"
"18-29 years","Chattooga","1023","0","13"
"30-39 years","Chattooga","860","3","17"
"40-49 years","Chattooga","845","7","43"
"50-59 years","Chattooga","855","20","58"
"60-69 years","Chattooga","624","28","73"
"70-79 years","Chattooga","412","25","84"
"80 & Older years","Chattooga","227","45","53"
"<1 years","Chattooga","63","0","5"
"Unknown years","Chattooga","3","0","1"
"01-04 years","Cherokee","1123","0","15"
"05-09 years","Cherokee","1934","0","16"
"10-17 years","Cherokee","5181","0","26"
"18-29 years","Cherokee","9523","3","163"
"30-39 years","Cherokee","7889","10","213"
"40-49 years","Cherokee","8065","17","294"
"50-59 years","Cherokee","7966","60","451"
"60-69 years","Cherokee","5202","110","515"
"70-79 years","Cherokee","3420","171","518"
"80 & Older years","Cherokee","1703","251","430"
"<1 years","Cherokee","431","0","19"
"01-04 years","Clarke","712","1","24"
"05-09 years","Clarke","974","0","14"
"10-17 years","Clarke","1914","0","40"
"18-29 years","Clarke","12323","1","203"
"30-39 years","Clarke","4296","3","181"
"40-49 years","Clarke","3219","8","184"
"50-59 years","Clarke","2612","21","209"
"60-69 years","Clarke","1843","47","253"
"70-79 years","Clarke","1184","70","276"
"80 & Older years","Clarke","570","83","204"
"<1 years","Clarke","293","0","14"
"Unknown years","Clarke","1","0","1"
"01-04 years","Clay","17","0","0"
"05-09 years","Clay","18","0","0"
"10-17 years","Clay","45","0","0"
"18-29 years","Clay","64","0","0"
"30-39 years","Clay","60","0","2"
"40-49 years","Clay","55","0","3"
"50-59 years","Clay","39","1","3"
"60-69 years","Clay","35","2","2"
"70-79 years","Clay","24","0","1"
"80 & Older years","Clay","19","3","4"
"<1 years","Clay","5","0","0"
"01-04 years","Clayton","1880","1","37"
"05-09 years","Clayton","3285","1","29"
"10-17 years","Clayton","6749","2","96"
"18-29 years","Clayton","13512","14","382"
"30-39 years","Clayton","12458","45","516"
"40-49 years","Clayton","10516","61","532"
"50-59 years","Clayton","9301","152","736"
"60-69 years","Clayton","5888","244","701"
"70-79 years","Clayton","2395","239","488"
"80 & Older years","Clayton","1054","214","310"
"<1 years","Clayton","655","0","36"
"Unknown years","Clayton","28","0","13"
"01-04 years","Clinch","38","0","0"
"05-09 years","Clinch","54","0","0"
"10-17 years","Clinch","139","0","0"
"18-29 years","Clinch","268","0","3"
"30-39 years","Clinch","231","1","5"
"40-49 years","Clinch","196","0","4"
"50-59 years","Clinch","206","3","21"
"60-69 years","Clinch","216","16","28"
"70-79 years","Clinch","117","13","27"
"80 & Older years","Clinch","52","9","12"
"<1 years","Clinch","21","0","0"
"01-04 years","Cobb","4071","1","57"
"05-09 years","Cobb","6585","0","38"
"10-17 years","Cobb","14820","0","97"
"18-29 years","Cobb","34880","17","392"
"30-39 years","Cobb","28012","41","449"
"40-49 years","Cobb","25624","77","624"
"50-59 years","Cobb","22211","172","901"
"60-69 years","Cobb","14376","316","932"
"70-79 years","Cobb","7772","508","923"
"80 & Older years","Cobb","4145","699","906"
"<1 years","Cobb","1269","0","45"
"Unknown years","Cobb","56","0","0"
"01-04 years","Coffee","212","0","4"
"05-09 years","Coffee","347","0","7"
"10-17 years","Coffee","770","0","9"
"18-29 years","Coffee","1753","1","48"
"30-39 years","Coffee","1392","7","87"
"40-49 years","Coffee","1289","17","170"
"50-59 years","Coffee","1154","27","242"
"60-69 years","Coffee","872","60","240"
"70-79 years","Coffee","487","70","215"
"80 & Older years","Coffee","255","58","137"
"<1 years","Coffee","89","0","10"
"01-04 years","Colquitt","175","0","1"
"05-09 years","Colquitt","350","0","3"
"10-17 years","Colquitt","999","0","12"
"18-29 years","Colquitt","1725","1","40"
"30-39 years","Colquitt","1303","3","40"
"40-49 years","Colquitt","1233","13","54"
"50-59 years","Colquitt","1173","31","63"
"60-69 years","Colquitt","901","43","83"
"70-79 years","Colquitt","596","42","84"
"80 & Older years","Colquitt","341","59","62"
"<1 years","Colquitt","94","0","3"
"01-04 years","Columbia","496","1","8"
"05-09 years","Columbia","935","1","9"
"10-17 years","Columbia","2381","0","17"
"18-29 years","Columbia","4576","2","60"
"30-39 years","Columbia","4519","9","76"
"40-49 years","Columbia","3782","17","96"
"50-59 years","Columbia","3024","42","149"
"60-69 years","Columbia","2061","61","178"
"70-79 years","Columbia","1069","87","212"
"80 & Older years","Columbia","599","119","201"
"<1 years","Columbia","180","1","14"
"Unknown years","Columbia","3","0","0"
"01-04 years","Cook","63","0","3"
"05-09 years","Cook","86","0","0"
"10-17 years","Cook","208","0","3"
"18-29 years","Cook","414","0","12"
"30-39 years","Cook","343","0","5"
"40-49 years","Cook","320","3","20"
"50-59 years","Cook","296","7","27"
"60-69 years","Cook","219","13","28"
"70-79 years","Cook","149","16","34"
"80 & Older years","Cook","93","20","18"
"<1 years","Cook","38","0","3"
"01-04 years","Coweta","579","0","8"
"05-09 years","Coweta","952","0","10"
"10-17 years","Coweta","2445","0","27"
"18-29 years","Coweta","4691","5","158"
"30-39 years","Coweta","3954","16","198"
"40-49 years","Coweta","3975","33","240"
"50-59 years","Coweta","4318","63","357"
"60-69 years","Coweta","2681","77","342"
"70-79 years","Coweta","1616","125","371"
"80 & Older years","Coweta","731","129","240"
"<1 years","Coweta","177","0","14"
"Unknown years","Coweta","14","0","5"
"01-04 years","Crawford","17","0","0"
"05-09 years","Crawford","21","0","0"
"10-17 years","Crawford","80","0","2"
"18-29 years","Crawford","214","0","4"
"30-39 years","Crawford","202","1","11"
"40-49 years","Crawford","187","3","10"
"50-59 years","Crawford","252","15","28"
"60-69 years","Crawford","215","14","29"
"70-79 years","Crawford","123","14","28"
"80 & Older years","Crawford","57","7","20"
"<1 years","Crawford","4","0","0"
"Unknown years","Crawford","1","0","0"
"01-04 years","Crisp","53","0","0"
"05-09 years","Crisp","98","0","0"
"10-17 years","Crisp","283","0","3"
"18-29 years","Crisp","476","2","16"
"30-39 years","Crisp","444","2","20"
"40-49 years","Crisp","382","5","25"
"50-59 years","Crisp","356","5","33"
"60-69 years","Crisp","313","22","56"
"70-79 years","Crisp","148","17","40"
"80 & Older years","Crisp","77","20","18"
"<1 years","Crisp","30","0","0"
"01-04 years","Dade","57","0","0"
"05-09 years","Dade","133","0","0"
"10-17 years","Dade","288","0","1"
"18-29 years","Dade","572","0","3"
"30-39 years","Dade","413","0","4"
"40-49 years","Dade","436","1","10"
"50-59 years","Dade","399","7","27"
"60-69 years","Dade","321","2","16"
"70-79 years","Dade","208","13","29"
"80 & Older years","Dade","97","5","17"
"<1 years","Dade","25","0","0"
"Unknown years","Dade","4","0","0"
"01-04 years","Dawson","139","0","1"
"05-09 years","Dawson","216","0","2"
"10-17 years","Dawson","568","0","7"
"18-29 years","Dawson","1328","0","23"
"30-39 years","Dawson","1132","2","29"
"40-49 years","Dawson","946","4","46"
"50-59 years","Dawson","1104","11","80"
"60-69 years","Dawson","868","21","109"
"70-79 years","Dawson","537","34","86"
"80 & Older years","Dawson","258","29","58"
"<1 years","Dawson","66","0","3"
"01-04 years","DeKalb","4299","0","63"
"05-09 years","DeKalb","6386","0","48"
"10-17 years","DeKalb","12522","0","152"
"18-29 years","DeKalb","34316","18","965"
"30-39 years","DeKalb","31761","39","1225"
"40-49 years","DeKalb","24549","87","1259"
"50-59 years","DeKalb","20846","210","1641"
"60-69 years","DeKalb","13638","339","1748"
"70-79 years","DeKalb","7056","444","1405"
"80 & Older years","DeKalb","3555","549","979"
"<1 years","DeKalb","1256","1","51"
"Unknown years","DeKalb","112","0","27"
"01-04 years","Decatur","261","0","3"
"05-09 years","Decatur","305","0","1"
"10-17 years","Decatur","638","0","2"
"18-29 years","Decatur","1128","1","25"
"30-39 years","Decatur","866","1","13"
"40-49 years","Decatur","799","3","39"
"50-59 years","Decatur","724","15","60"
"60-69 years","Decatur","553","21","67"
"70-79 years","Decatur","315","31","53"
"80 & Older years","Decatur","196","26","31"
"<1 years","Decatur","106","0","1"
"Unknown years","Decatur","3","0","0"
"01-04 years","Dodge","30","0","0"
"05-09 years","Dodge","67","0","0"
"10-17 years","Dodge","217","1","2"
"18-29 years","Dodge","477","0","9"
"30-39 years","Dodge","331","2","10"
"40-49 years","Dodge","329","3","15"
"50-59 years","Dodge","318","7","24"
"60-69 years","Dodge","231","23","37"
"70-79 years","Dodge","139","20","31"
"80 & Older years","Dodge","81","19","18"
"<1 years","Dodge","19","0","1"
"01-04 years","Dooly","35","0","0"
"05-09 years","Dooly","59","0","0"
"10-17 years","Dooly","149","0","1"
"18-29 years","Dooly","288","1","5"
"30-39 years","Dooly","231","1","14"
"40-49 years","Dooly","268","2","15"
"50-59 years","Dooly","252","6","24"
"60-69 years","Dooly","213","12","26"
"70-79 years","Dooly","101","13","26"
"80 & Older years","Dooly","40","9","9"
"<1 years","Dooly","17","0","1"
"Unknown years","Dooly","1","0","0"
"01-04 years","Dougherty","431","0","6"
"05-09 years","Dougherty","891","0","1"
"10-17 years","Dougherty","2074","0","23"
"18-29 years","Dougherty","2991","4","195"
"30-39 years","Dougherty","2438","8","173"
"40-49 years","Dougherty","2133","37","203"
"50-59 years","Dougherty","1933","52","273"
"60-69 years","Dougherty","1548","122","392"
"70-79 years","Dougherty","859","114","279"
"80 & Older years","Dougherty","501","150","212"
"<1 years","Dougherty","177","0","12"
"Unknown years","Dougherty","4","0","0"
"01-04 years","Douglas","796","0","15"
"05-09 years","Douglas","1360","0","15"
"10-17 years","Douglas","3326","1","39"
"18-29 years","Douglas","6282","0","88"
"30-39 years","Douglas","5516","8","125"
"40-49 years","Douglas","5780","18","194"
"50-59 years","Douglas","5081","50","260"
"60-69 years","Douglas","2883","84","277"
"70-79 years","Douglas","1442","97","223"
"80 & Older years","Douglas","657","98","167"
"<1 years","Douglas","308","0","14"
"Unknown years","Douglas","10","0","0"
"01-04 years","Early","78","0","0"
"05-09 years","Early","101","0","0"
"10-17 years","Early","297","0","0"
"18-29 years","Early","360","1","14"
"30-39 years","Early","317","1","6"
"40-49 years","Early","314","2","15"
"50-59 years","Early","306","6","20"
"60-69 years","Early","224","12","23"
"70-79 years","Early","139","21","28"
"80 & Older years","Early","80","13","20"
"<1 years","Early","22","0","1"
"Unknown years","Early","2","0","0"
"01-04 years","Echols","16","0","0"
"05-09 years","Echols","11","0","0"
"10-17 years","Echols","37","0","2"
"18-29 years","Echols","150","0","2"
"30-39 years","Echols","74","1","4"
"40-49 years","Echols","66","0","1"
"50-59 years","Echols","60","1","2"
"60-69 years","Echols","40","0","2"
"70-79 years","Echols","27","2","4"
"80 & Older years","Echols","7","2","2"
"<1 years","Echols","8","0","0"
"01-04 years","Effingham","363","0","2"
"05-09 years","Effingham","610","0","3"
"10-17 years","Effingham","1315","0","3"
"18-29 years","Effingham","2013","1","21"
"30-39 years","Effingham","2077","5","54"
"40-49 years","Effingham","1760","11","83"
"50-59 years","Effingham","1529","34","127"
"60-69 years","Effingham","1062","31","155"
"70-79 years","Effingham","527","48","148"
"80 & Older years","Effingham","241","51","82"
"<1 years","Effingham","156","0","8"
"Unknown years","Effingham","5","0","0"
"01-04 years","Elbert","59","0","4"
"05-09 years","Elbert","81","0","1"
"10-17 years","Elbert","196","0","4"
"18-29 years","Elbert","515","2","13"
"30-39 years","Elbert","389","0","22"
"40-49 years","Elbert","379","1","28"
"50-59 years","Elbert","409","4","48"
"60-69 years","Elbert","356","13","71"
"70-79 years","Elbert","260","27","78"
"80 & Older years","Elbert","198","42","75"
"<1 years","Elbert","41","0","4"
"Unknown years","Elbert","2","0","0"
"01-04 years","Emanuel","91","0","5"
"05-09 years","Emanuel","138","0","3"
"10-17 years","Emanuel","385","0","3"
"18-29 years","Emanuel","691","1","12"
"30-39 years","Emanuel","575","1","27"
"40-49 years","Emanuel","542","4","27"
"50-59 years","Emanuel","471","11","52"
"60-69 years","Emanuel","367","18","51"
"70-79 years","Emanuel","225","24","54"
"80 & Older years","Emanuel","105","23","32"
"<1 years","Emanuel","21","0","2"
"Unknown years","Emanuel","4","0","1"
"01-04 years","Evans","27","0","0"
"05-09 years","Evans","76","0","1"
"10-17 years","Evans","161","0","2"
"18-29 years","Evans","331","0","5"
"30-39 years","Evans","294","0","7"
"40-49 years","Evans","242","3","24"
"50-59 years","Evans","223","6","25"
"60-69 years","Evans","145","9","35"
"70-79 years","Evans","95","18","35"
"80 & Older years","Evans","37","5","18"
"<1 years","Evans","15","0","0"
"01-04 years","Fannin","63","0","1"
"05-09 years","Fannin","102","0","0"
"10-17 years","Fannin","342","0","2"
"18-29 years","Fannin","633","0","7"
"30-39 years","Fannin","488","2","14"
"40-49 years","Fannin","569","5","23"
"50-59 years","Fannin","733","8","49"
"60-69 years","Fannin","751","29","84"
"70-79 years","Fannin","570","37","117"
"80 & Older years","Fannin","291","61","82"
"<1 years","Fannin","21","0","1"
"01-04 years","Fayette","439","0","11"
"05-09 years","Fayette","802","0","8"
"10-17 years","Fayette","2134","0","19"
"18-29 years","Fayette","3500","5","77"
"30-39 years","Fayette","2746","6","95"
"40-49 years","Fayette","3440","9","140"
"50-59 years","Fayette","3499","26","235"
"60-69 years","Fayette","2683","43","234"
"70-79 years","Fayette","1496","105","303"
"80 & Older years","Fayette","820","126","254"
"<1 years","Fayette","128","0","8"
"Unknown years","Fayette","14","0","3"
"01-04 years","Floyd","619","0","11"
"05-09 years","Floyd","994","0","3"
"10-17 years","Floyd","2722","1","20"
"18-29 years","Floyd","5110","4","78"
"30-39 years","Floyd","3930","9","98"
"40-49 years","Floyd","3582","18","178"
"50-59 years","Floyd","3564","55","287"
"60-69 years","Floyd","2647","90","381"
"70-79 years","Floyd","1624","122","373"
"80 & Older years","Floyd","910","143","288"
"<1 years","Floyd","313","1","16"
"Unknown years","Floyd","23","0","0"
"01-04 years","Forsyth","1412","0","14"
"05-09 years","Forsyth","2891","0","6"
"10-17 years","Forsyth","6593","0","25"
"18-29 years","Forsyth","7891","1","75"
"30-39 years","Forsyth","7620","5","112"
"40-49 years","Forsyth","9393","16","215"
"50-59 years","Forsyth","7645","34","285"
"60-69 years","Forsyth","4163","58","300"
"70-79 years","Forsyth","2534","124","371"
"80 & Older years","Forsyth","1421","184","325"
"<1 years","Forsyth","354","0","11"
"Unknown years","Forsyth","27","0","0"
"01-04 years","Franklin","91","0","2"
"05-09 years","Franklin","162","0","0"
"10-17 years","Franklin","429","0","6"
"18-29 years","Franklin","907","1","17"
"30-39 years","Franklin","658","0","17"
"40-49 years","Franklin","672","4","32"
"50-59 years","Franklin","673","6","49"
"60-69 years","Franklin","574","14","62"
"70-79 years","Franklin","369","31","74"
"80 & Older years","Franklin","181","30","43"
"<1 years","Franklin","60","0","7"
"Unknown years","Franklin","4","0","0"
"01-04 years","Fulton","5632","0","91"
"05-09 years","Fulton","8678","0","58"
"10-17 years","Fulton","18796","1","174"
"18-29 years","Fulton","52410","8","1114"
"30-39 years","Fulton","43968","67","1393"
"40-49 years","Fulton","33966","84","1437"
"50-59 years","Fulton","28550","241","2022"
"60-69 years","Fulton","17739","462","2008"
"70-79 years","Fulton","9378","595","1654"
"80 & Older years","Fulton","5483","855","1451"
"<1 years","Fulton","1629","1","79"
"Unknown years","Fulton","201","0","114"
"01-04 years","Gilmer","106","0","7"
"05-09 years","Gilmer","104","0","2"
"10-17 years","Gilmer","391","0","6"
"18-29 years","Gilmer","713","0","32"
"30-39 years","Gilmer","645","2","32"
"40-49 years","Gilmer","678","3","36"
"50-59 years","Gilmer","824","19","69"
"60-69 years","Gilmer","803","26","111"
"70-79 years","Gilmer","560","54","139"
"80 & Older years","Gilmer","271","52","81"
"<1 years","Gilmer","46","0","4"
"Unknown years","Gilmer","1","0","0"
"01-04 years","Glascock","1","0","0"
"05-09 years","Glascock","9","0","0"
"10-17 years","Glascock","17","0","0"
"18-29 years","Glascock","51","0","1"
"30-39 years","Glascock","41","0","3"
"40-49 years","Glascock","44","0","1"
"50-59 years","Glascock","51","2","5"
"60-69 years","Glascock","27","0","5"
"70-79 years","Glascock","36","5","12"
"80 & Older years","Glascock","11","3","5"
"<1 years","Glascock","3","0","1"
"01-04 years","Glynn","518","0","4"
"05-09 years","Glynn","926","0","1"
"10-17 years","Glynn","2119","0","3"
"18-29 years","Glynn","3729","5","45"
"30-39 years","Glynn","3155","11","50"
"40-49 years","Glynn","2691","19","75"
"50-59 years","Glynn","2495","46","126"
"60-69 years","Glynn","2191","86","199"
"70-79 years","Glynn","1375","95","167"
"80 & Older years","Glynn","694","120","147"
"<1 years","Glynn","171","0","7"
"Unknown years","Glynn","24","0","0"
"01-04 years","Gordon","330","0","3"
"05-09 years","Gordon","413","1","2"
"10-17 years","Gordon","1298","0","7"
"18-29 years","Gordon","2686","3","24"
"30-39 years","Gordon","2116","4","37"
"40-49 years","Gordon","2048","12","57"
"50-59 years","Gordon","1904","31","90"
"60-69 years","Gordon","1281","70","110"
"70-79 years","Gordon","733","73","133"
"80 & Older years","Gordon","384","56","79"
"<1 years","Gordon","153","0","6"
"Unknown years","Gordon","25","0","0"
"01-04 years","Grady","162","0","1"
"05-09 years","Grady","258","0","1"
"10-17 years","Grady","517","0","5"
"18-29 years","Grady","662","0","18"
"30-39 years","Grady","562","1","18"
"40-49 years","Grady","523","3","38"
"50-59 years","Grady","516","13","51"
"60-69 years","Grady","371","12","48"
"70-79 years","Grady","299","30","73"
"80 & Older years","Grady","113","22","39"
"<1 years","Grady","110","0","4"
"Unknown years","Grady","2","0","0"
"01-04 years","Greene","65","0","2"
"05-09 years","Greene","110","0","1"
"10-17 years","Greene","310","0","8"
"18-29 years","Greene","547","0","18"
"30-39 years","Greene","472","0","21"
"40-49 years","Greene","402","4","32"
"50-59 years","Greene","538","7","44"
"60-69 years","Greene","552","13","51"
"70-79 years","Greene","472","18","86"
"80 & Older years","Greene","223","37","79"
"<1 years","Greene","27","0","5"
"Unknown years","Greene","1","0","0"
"01-04 years","Gwinnett","4985","0","44"
"05-09 years","Gwinnett","8033","0","46"
"10-17 years","Gwinnett","19656","3","119"
"18-29 years","Gwinnett","42619","21","793"
"30-39 years","Gwinnett","34766","43","851"
"40-49 years","Gwinnett","34863","116","1165"
"50-59 years","Gwinnett","29422","220","1409"
"60-69 years","Gwinnett","17296","368","1425"
"70-79 years","Gwinnett","7936","473","1261"
"80 & Older years","Gwinnett","3961","653","1087"
"<1 years","Gwinnett","1873","0","48"
"Unknown years","Gwinnett","112","0","10"
"01-04 years","Habersham","172","0","4"
"05-09 years","Habersham","228","0","0"
"10-17 years","Habersham","667","1","10"
"18-29 years","Habersham","1722","1","27"
"30-39 years","Habersham","1320","6","51"
"40-49 years","Habersham","1282","8","73"
"50-59 years","Habersham","1424","15","107"
"60-69 years","Habersham","1141","41","182"
"70-79 years","Habersham","785","81","177"
"80 & Older years","Habersham","488","104","139"
"<1 years","Habersham","86","0","11"
"Unknown years","Habersham","7","0","1"
"01-04 years","Hall","834","0","20"
"05-09 years","Hall","1419","0","16"
"10-17 years","Hall","4463","0","49"
"18-29 years","Hall","11217","9","259"
"30-39 years","Hall","7903","12","320"
"40-49 years","Hall","7754","40","447"
"50-59 years","Hall","8028","76","644"
"60-69 years","Hall","5635","147","669"
"70-79 years","Hall","3757","222","771"
"80 & Older years","Hall","2084","338","641"
"<1 years","Hall","379","1","34"
"Unknown years","Hall","76","0","10"
"01-04 years","Hancock","25","0","0"
"05-09 years","Hancock","44","0","0"
"10-17 years","Hancock","106","0","2"
"18-29 years","Hancock","263","0","3"
"30-39 years","Hancock","257","2","8"
"40-49 years","Hancock","187","2","8"
"50-59 years","Hancock","242","7","22"
"60-69 years","Hancock","241","22","42"
"70-79 years","Hancock","129","24","30"
"80 & Older years","Hancock","82","26","29"
"<1 years","Hancock","11","0","0"
"01-04 years","Haralson","71","0","0"
"05-09 years","Haralson","127","0","0"
"10-17 years","Haralson","365","0","3"
"18-29 years","Haralson","756","2","6"
"30-39 years","Haralson","537","0","8"
"40-49 years","Haralson","566","3","12"
"50-59 years","Haralson","627","7","23"
"60-69 years","Haralson","372","19","31"
"70-79 years","Haralson","232","24","26"
"80 & Older years","Haralson","106","16","17"
"<1 years","Haralson","29","0","1"
"Unknown years","Haralson","3","0","0"
"01-04 years","Harris","116","0","1"
"05-09 years","Harris","198","0","0"
"10-17 years","Harris","542","0","7"
"18-29 years","Harris","898","0","20"
"30-39 years","Harris","793","0","23"
"40-49 years","Harris","883","5","45"
"50-59 years","Harris","968","12","70"
"60-69 years","Harris","735","22","101"
"70-79 years","Harris","458","46","95"
"80 & Older years","Harris","150","20","38"
"<1 years","Harris","24","0","1"
"Unknown years","Harris","3","0","0"
"01-04 years","Hart","69","0","0"
"05-09 years","Hart","98","0","2"
"10-17 years","Hart","302","0","0"
"18-29 years","Hart","627","0","11"
"30-39 years","Hart","519","0","16"
"40-49 years","Hart","460","4","26"
"50-59 years","Hart","578","4","40"
"60-69 years","Hart","408","20","48"
"70-79 years","Hart","278","15","50"
"80 & Older years","Hart","165","26","46"
"<1 years","Hart","34","0","0"
"01-04 years","Heard","30","0","2"
"05-09 years","Heard","76","0","0"
"10-17 years","Heard","172","0","3"
"18-29 years","Heard","303","2","8"
"30-39 years","Heard","210","1","3"
"40-49 years","Heard","270","2","20"
"50-59 years","Heard","276","3","21"
"60-69 years","Heard","203","8","24"
"70-79 years","Heard","102","11","26"
"80 & Older years","Heard","49","10","10"
"<1 years","Heard","17","0","1"
"01-04 years","Henry","1272","0","30"
"05-09 years","Henry","2100","0","16"
"10-17 years","Henry","5416","1","69"
"18-29 years","Henry","10231","3","258"
"30-39 years","Henry","8742","15","292"
"40-49 years","Henry","9420","46","394"
"50-59 years","Henry","8639","74","506"
"60-69 years","Henry","4853","161","539"
"70-79 years","Henry","2338","178","416"
"80 & Older years","Henry","1078","192","333"
"<1 years","Henry","427","0","23"
"Unknown years","Henry","26","0","3"
"01-04 years","Houston","621","0","10"
"05-09 years","Houston","1058","0","5"
"10-17 years","Houston","2748","0","17"
"18-29 years","Houston","5610","8","84"
"30-39 years","Houston","5150","7","119"
"40-49 years","Houston","4347","21","177"
"50-59 years","Houston","3620","42","226"
"60-69 years","Houston","2424","81","284"
"70-79 years","Houston","1254","102","262"
"80 & Older years","Houston","643","92","166"
"<1 years","Houston","176","1","8"
"Unknown years","Houston","3","0","0"
"01-04 years","Irwin","11","0","0"
"05-09 years","Irwin","25","0","0"
"10-17 years","Irwin","79","0","1"
"18-29 years","Irwin","217","0","7"
"30-39 years","Irwin","183","0","11"
"40-49 years","Irwin","191","1","11"
"50-59 years","Irwin","154","5","16"
"60-69 years","Irwin","126","3","27"
"70-79 years","Irwin","68","8","11"
"80 & Older years","Irwin","48","10","33"
"<1 years","Irwin","4","0","1"
"Unknown years","Irwin","2","0","0"
"01-04 years","Jackson","374","0","9"
"05-09 years","Jackson","715","0","2"
"10-17 years","Jackson","2173","1","17"
"18-29 years","Jackson","3350","3","85"
"30-39 years","Jackson","3350","8","100"
"40-49 years","Jackson","3288","15","142"
"50-59 years","Jackson","3075","33","189"
"60-69 years","Jackson","2093","54","220"
"70-79 years","Jackson","1435","85","253"
"80 & Older years","Jackson","692","88","187"
"<1 years","Jackson","147","0","11"
"Unknown years","Jackson","8","0","1"
"01-04 years","Jasper","48","0","1"
"05-09 years","Jasper","67","0","2"
"10-17 years","Jasper","141","0","5"
"18-29 years","Jasper","351","0","15"
"30-39 years","Jasper","292","2","15"
"40-49 years","Jasper","270","1","15"
"50-59 years","Jasper","324","8","36"
"60-69 years","Jasper","254","17","56"
"70-79 years","Jasper","122","9","28"
"80 & Older years","Jasper","63","8","25"
"<1 years","Jasper","29","0","9"
"01-04 years","Jeff Davis","55","0","0"
"05-09 years","Jeff Davis","113","0","0"
"10-17 years","Jeff Davis","252","0","2"
"18-29 years","Jeff Davis","488","0","7"
"30-39 years","Jeff Davis","388","0","14"
"40-49 years","Jeff Davis","352","1","21"
"50-59 years","Jeff Davis","339","11","29"
"60-69 years","Jeff Davis","203","10","30"
"70-79 years","Jeff Davis","154","17","28"
"80 & Older years","Jeff Davis","40","10","13"
"<1 years","Jeff Davis","22","0","4"
"01-04 years","Jefferson","42","0","2"
"05-09 years","Jefferson","66","0","0"
"10-17 years","Jefferson","165","0","2"
"18-29 years","Jefferson","370","0","3"
"30-39 years","Jefferson","332","1","15"
"40-49 years","Jefferson","328","5","25"
"50-59 years","Jefferson","385","10","36"
"60-69 years","Jefferson","331","16","56"
"70-79 years","Jefferson","209","28","57"
"80 & Older years","Jefferson","95","25","41"
"<1 years","Jefferson","12","0","2"
"Unknown years","Jefferson","1","0","0"
"01-04 years","Jenkins","32","0","3"
"05-09 years","Jenkins","39","0","0"
"10-17 years","Jenkins","100","0","1"
"18-29 years","Jenkins","190","0","3"
"30-39 years","Jenkins","136","2","6"
"40-49 years","Jenkins","176","3","14"
"50-59 years","Jenkins","191","7","30"
"60-69 years","Jenkins","129","7","17"
"70-79 years","Jenkins","85","16","25"
"80 & Older years","Jenkins","55","10","13"
"<1 years","Jenkins","6","0","0"
"01-04 years","Johnson","34","0","1"
"05-09 years","Johnson","40","0","0"
"10-17 years","Johnson","105","0","1"
"18-29 years","Johnson","271","0","7"
"30-39 years","Johnson","225","1","6"
"40-49 years","Johnson","234","3","10"
"50-59 years","Johnson","225","10","19"
"60-69 years","Johnson","214","10","27"
"70-79 years","Johnson","146","14","36"
"80 & Older years","Johnson","96","26","28"
"<1 years","Johnson","23","0","3"
"01-04 years","Jones","53","0","1"
"05-09 years","Jones","98","0","0"
"10-17 years","Jones","284","0","3"
"18-29 years","Jones","818","3","23"
"30-39 years","Jones","666","3","18"
"40-49 years","Jones","641","6","36"
"50-59 years","Jones","692","10","67"
"60-69 years","Jones","466","21","83"
"70-79 years","Jones","305","38","86"
"80 & Older years","Jones","154","29","48"
"<1 years","Jones","18","0","1"
"Unknown years","Jones","1","0","0"
"01-04 years","Lamar","126","0","0"
"05-09 years","Lamar","201","0","0"
"10-17 years","Lamar","427","0","5"
"18-29 years","Lamar","624","0","19"
"30-39 years","Lamar","530","2","20"
"40-49 years","Lamar","471","6","27"
"50-59 years","Lamar","458","12","51"
"60-69 years","Lamar","397","26","56"
"70-79 years","Lamar","266","28","56"
"80 & Older years","Lamar","112","31","34"
"<1 years","Lamar","81","0","1"
"Unknown years","Lamar","1","0","1"
"01-04 years","Lanier","22","0","0"
"05-09 years","Lanier","34","0","1"
"10-17 years","Lanier","121","0","1"
"18-29 years","Lanier","252","2","4"
"30-39 years","Lanier","248","0","3"
"40-49 years","Lanier","194","1","6"
"50-59 years","Lanier","151","4","11"
"60-69 years","Lanier","88","4","7"
"70-79 years","Lanier","79","7","10"
"80 & Older years","Lanier","35","3","7"
"<1 years","Lanier","24","0","0"
"Unknown years","Lanier","1","0","0"
"01-04 years","Laurens","249","0","2"
"05-09 years","Laurens","416","0","3"
"10-17 years","Laurens","994","0","8"
"18-29 years","Laurens","1809","0","16"
"30-39 years","Laurens","1458","5","25"
"40-49 years","Laurens","1325","12","44"
"50-59 years","Laurens","1177","32","87"
"60-69 years","Laurens","942","61","116"
"70-79 years","Laurens","599","73","110"
"80 & Older years","Laurens","346","80","77"
"<1 years","Laurens","97","0","7"
"Unknown years","Laurens","1","0","0"
"01-04 years","Lee","94","0","0"
"05-09 years","Lee","142","0","4"
"10-17 years","Lee","421","0","7"
"18-29 years","Lee","730","1","34"
"30-39 years","Lee","809","1","43"
"40-49 years","Lee","736","10","56"
"50-59 years","Lee","622","18","95"
"60-69 years","Lee","389","26","84"
"70-79 years","Lee","186","21","55"
"80 & Older years","Lee","106","20","40"
"<1 years","Lee","41","0","0"
"Unknown years","Lee","3","0","0"
"01-04 years","Liberty","649","0","5"
"05-09 years","Liberty","827","0","5"
"10-17 years","Liberty","1406","0","5"
"18-29 years","Liberty","4040","2","35"
"30-39 years","Liberty","2330","4","45"
"40-49 years","Liberty","1400","5","37"
"50-59 years","Liberty","1160","24","84"
"60-69 years","Liberty","784","31","100"
"70-79 years","Liberty","325","28","96"
"80 & Older years","Liberty","114","22","43"
"<1 years","Liberty","209","0","5"
"Unknown years","Liberty","16","0","0"
"01-04 years","Lincoln","20","0","0"
"05-09 years","Lincoln","23","0","1"
"10-17 years","Lincoln","76","0","0"
"18-29 years","Lincoln","152","0","5"
"30-39 years","Lincoln","136","1","6"
"40-49 years","Lincoln","131","1","11"
"50-59 years","Lincoln","137","3","8"
"60-69 years","Lincoln","117","8","25"
"70-79 years","Lincoln","84","10","24"
"80 & Older years","Lincoln","32","9","12"
"<1 years","Lincoln","6","0","1"
"Unknown years","Lincoln","1","0","0"
"01-04 years","Long","127","0","2"
"05-09 years","Long","167","0","0"
"10-17 years","Long","348","1","0"
"18-29 years","Long","571","0","5"
"30-39 years","Long","522","2","12"
"40-49 years","Long","356","4","23"
"50-59 years","Long","250","4","21"
"60-69 years","Long","176","5","20"
"70-79 years","Long","86","8","19"
"80 & Older years","Long","37","3","13"
"<1 years","Long","57","0","1"
"Unknown years","Long","1","0","0"
"01-04 years","Lowndes","515","0","1"
"05-09 years","Lowndes","598","0","1"
"10-17 years","Lowndes","1385","0","12"
"18-29 years","Lowndes","4913","6","52"
"30-39 years","Lowndes","3054","8","53"
"40-49 years","Lowndes","2224","16","84"
"50-59 years","Lowndes","1914","31","117"
"60-69 years","Lowndes","1417","65","158"
"70-79 years","Lowndes","886","84","146"
"80 & Older years","Lowndes","486","96","103"
"<1 years","Lowndes","247","0","5"
"Unknown years","Lowndes","5","0","0"
"01-04 years","Lumpkin","127","0","2"
"05-09 years","Lumpkin","212","0","2"
"10-17 years","Lumpkin","549","0","4"
"18-29 years","Lumpkin","1809","0","26"
"30-39 years","Lumpkin","1035","2","28"
"40-49 years","Lumpkin","978","1","43"
"50-59 years","Lumpkin","1074","14","92"
"60-69 years","Lumpkin","980","23","108"
"70-79 years","Lumpkin","664","25","129"
"80 & Older years","Lumpkin","324","50","120"
"<1 years","Lumpkin","70","0","4"
"Unknown years","Lumpkin","4","0","1"
"01-04 years","Macon","29","0","0"
"05-09 years","Macon","32","0","0"
"10-17 years","Macon","69","0","0"
"18-29 years","Macon","265","0","7"
"30-39 years","Macon","228","1","8"
"40-49 years","Macon","223","4","9"
"50-59 years","Macon","227","6","28"
"60-69 years","Macon","158","12","35"
"70-79 years","Macon","99","12","27"
"80 & Older years","Macon","31","10","11"
"<1 years","Macon","8","0","0"
"Unknown years","Macon","1","0","1"
"01-04 years","Madison","172","0","7"
"05-09 years","Madison","237","0","1"
"10-17 years","Madison","625","0","6"
"18-29 years","Madison","1237","0","46"
"30-39 years","Madison","990","1","47"
"40-49 years","Madison","927","2","53"
"50-59 years","Madison","968","18","80"
"60-69 years","Madison","680","24","108"
"70-79 years","Madison","442","30","117"
"80 & Older years","Madison","184","30","66"
"<1 years","Madison","95","0","9"
"Unknown years","Madison","1","0","0"
"01-04 years","Marion","23","0","0"
"05-09 years","Marion","35","0","1"
"10-17 years","Marion","119","0","0"
"18-29 years","Marion","176","0","7"
"30-39 years","Marion","154","0","8"
"40-49 years","Marion","151","3","9"
"50-59 years","Marion","147","7","20"
"60-69 years","Marion","127","13","22"
"70-79 years","Marion","72","8","23"
"80 & Older years","Marion","56","13","21"
"<1 years","Marion","11","0","1"
"01-04 years","McDuffie","70","0","2"
"05-09 years","McDuffie","96","0","0"
"10-17 years","McDuffie","257","0","2"
"18-29 years","McDuffie","686","0","17"
"30-39 years","McDuffie","518","2","12"
"40-49 years","McDuffie","481","3","28"
"50-59 years","McDuffie","452","13","54"
"60-69 years","McDuffie","333","19","68"
"70-79 years","McDuffie","217","24","77"
"80 & Older years","McDuffie","96","23","40"
"<1 years","McDuffie","23","0","3"
"Unknown years","McDuffie","1","0","0"
"01-04 years","McIntosh","54","0","1"
"05-09 years","McIntosh","78","0","1"
"10-17 years","McIntosh","239","0","0"
"18-29 years","McIntosh","358","0","5"
"30-39 years","McIntosh","292","0","4"
"40-49 years","McIntosh","290","0","8"
"50-59 years","McIntosh","349","5","15"
"60-69 years","McIntosh","285","9","36"
"70-79 years","McIntosh","178","9","28"
"80 & Older years","McIntosh","67","12","16"
"<1 years","McIntosh","11","0","0"
"Unknown years","McIntosh","3","0","0"
"01-04 years","Meriwether","104","0","3"
"05-09 years","Meriwether","117","0","1"
"10-17 years","Meriwether","263","1","3"
"18-29 years","Meriwether","654","0","21"
"30-39 years","Meriwether","477","3","32"
"40-49 years","Meriwether","549","5","43"
"50-59 years","Meriwether","562","13","62"
"60-69 years","Meriwether","543","26","76"
"70-79 years","Meriwether","377","40","80"
"80 & Older years","Meriwether","177","43","50"
"<1 years","Meriwether","50","0","5"
"Unknown years","Meriwether","2","0","1"
"01-04 years","Miller","46","0","0"
"05-09 years","Miller","62","0","0"
"10-17 years","Miller","197","0","1"
"18-29 years","Miller","217","1","2"
"30-39 years","Miller","199","0","2"
"40-49 years","Miller","177","1","7"
"50-59 years","Miller","219","4","21"
"60-69 years","Miller","164","3","18"
"70-79 years","Miller","70","5","9"
"80 & Older years","Miller","56","4","9"
"<1 years","Miller","8","0","0"
"Unknown years","Miller","1","0","0"
"01-04 years","Mitchell","79","0","2"
"05-09 years","Mitchell","120","0","0"
"10-17 years","Mitchell","283","0","8"
"18-29 years","Mitchell","594","1","22"
"30-39 years","Mitchell","529","1","24"
"40-49 years","Mitchell","475","7","32"
"50-59 years","Mitchell","495","15","75"
"60-69 years","Mitchell","384","22","70"
"70-79 years","Mitchell","236","27","71"
"80 & Older years","Mitchell","149","33","45"
"<1 years","Mitchell","33","0","3"
"Unknown years","Mitchell","1","0","0"
"01-04 years","Monroe","53","1","4"
"05-09 years","Monroe","86","0","1"
"10-17 years","Monroe","272","0","1"
"18-29 years","Monroe","768","2","12"
"30-39 years","Monroe","668","0","15"
"40-49 years","Monroe","729","9","34"
"50-59 years","Monroe","721","11","47"
"60-69 years","Monroe","606","32","85"
"70-79 years","Monroe","339","37","71"
"80 & Older years","Monroe","181","50","54"
"<1 years","Monroe","26","0","2"
"01-04 years","Montgomery","22","0","0"
"05-09 years","Montgomery","29","0","0"
"10-17 years","Montgomery","130","0","1"
"18-29 years","Montgomery","319","1","3"
"30-39 years","Montgomery","247","2","6"
"40-49 years","Montgomery","223","1","5"
"50-59 years","Montgomery","208","6","17"
"60-69 years","Montgomery","187","9","18"
"70-79 years","Montgomery","116","18","21"
"80 & Older years","Montgomery","54","14","11"
"<1 years","Montgomery","13","0","0"
"01-04 years","Morgan","90","0","2"
"05-09 years","Morgan","117","0","2"
"10-17 years","Morgan","258","0","2"
"18-29 years","Morgan","577","0","21"
"30-39 years","Morgan","499","1","17"
"40-49 years","Morgan","489","1","16"
"50-59 years","Morgan","527","8","37"
"60-69 years","Morgan","370","9","43"
"70-79 years","Morgan","285","11","54"
"80 & Older years","Morgan","166","29","58"
"<1 years","Morgan","50","0","2"
"01-04 years","Murray","245","0","4"
"05-09 years","Murray","358","0","3"
"10-17 years","Murray","1070","0","2"
"18-29 years","Murray","2094","0","22"
"30-39 years","Murray","1549","4","20"
"40-49 years","Murray","1564","10","47"
"50-59 years","Murray","1397","21","91"
"60-69 years","Murray","966","38","109"
"70-79 years","Murray","604","65","104"
"80 & Older years","Murray","250","42","53"
"<1 years","Murray","129","0","3"
"01-04 years","Muscogee","825","0","13"
"05-09 years","Muscogee","1449","0","5"
"10-17 years","Muscogee","3338","0","35"
"18-29 years","Muscogee","7951","14","227"
"30-39 years","Muscogee","6262","11","265"
"40-49 years","Muscogee","4965","28","325"
"50-59 years","Muscogee","4710","104","500"
"60-69 years","Muscogee","3661","183","624"
"70-79 years","Muscogee","1940","187","475"
"80 & Older years","Muscogee","1094","253","386"
"<1 years","Muscogee","276","0","15"
"Unknown years","Muscogee","10","0","3"
"01-04 years","Newton","456","0","49"
"05-09 years","Newton","942","0","30"
"10-17 years","Newton","2014","0","107"
"18-29 years","Newton","4122","2","337"
"30-39 years","Newton","3506","10","327"
"40-49 years","Newton","3619","24","349"
"50-59 years","Newton","3319","59","425"
"60-69 years","Newton","1891","86","383"
"70-79 years","Newton","1152","114","378"
"80 & Older years","Newton","605","132","249"
"<1 years","Newton","171","0","40"
"Unknown years","Newton","4","0","2"
"01-04 years","Non-GA Resident/Unknown State","1469","0","27"
"05-09 years","Non-GA Resident/Unknown State","2156","0","19"
"10-17 years","Non-GA Resident/Unknown State","4948","0","40"
"18-29 years","Non-GA Resident/Unknown State","15718","10","314"
"30-39 years","Non-GA Resident/Unknown State","12429","21","339"
"40-49 years","Non-GA Resident/Unknown State","11203","51","397"
"50-59 years","Non-GA Resident/Unknown State","10634","139","619"
"60-69 years","Non-GA Resident/Unknown State","7715","266","788"
"70-79 years","Non-GA Resident/Unknown State","4792","290","780"
"80 & Older years","Non-GA Resident/Unknown State","2464","265","563"
"<1 years","Non-GA Resident/Unknown State","795","0","36"
"Unknown years","Non-GA Resident/Unknown State","1460","0","188"
"01-04 years","Oconee","193","0","2"
"05-09 years","Oconee","347","0","1"
"10-17 years","Oconee","938","0","7"
"18-29 years","Oconee","1249","0","21"
"30-39 years","Oconee","1030","1","18"
"40-49 years","Oconee","1370","3","42"
"50-59 years","Oconee","1170","7","42"
"60-69 years","Oconee","830","16","68"
"70-79 years","Oconee","504","24","64"
"80 & Older years","Oconee","298","50","94"
"<1 years","Oconee","46","0","2"
"01-04 years","Oglethorpe","66","0","2"
"05-09 years","Oglethorpe","109","0","1"
"10-17 years","Oglethorpe","254","0","6"
"18-29 years","Oglethorpe","480","0","21"
"30-39 years","Oglethorpe","362","2","16"
"40-49 years","Oglethorpe","378","5","30"
"50-59 years","Oglethorpe","381","1","43"
"60-69 years","Oglethorpe","305","9","52"
"70-79 years","Oglethorpe","219","20","43"
"80 & Older years","Oglethorpe","115","21","45"
"<1 years","Oglethorpe","36","0","1"
"Unknown years","Oglethorpe","1","0","0"
"01-04 years","Paulding","835","0","12"
"05-09 years","Paulding","1335","0","1"
"10-17 years","Paulding","3146","0","21"
"18-29 years","Paulding","5675","1","53"
"30-39 years","Paulding","5255","9","66"
"40-49 years","Paulding","5078","17","93"
"50-59 years","Paulding","4567","42","154"
"60-69 years","Paulding","2525","76","155"
"70-79 years","Paulding","1339","86","147"
"80 & Older years","Paulding","721","110","117"
"<1 years","Paulding","331","0","6"
"Unknown years","Paulding","21","0","0"
"01-04 years","Peach","87","0","2"
"05-09 years","Peach","102","0","0"
"10-17 years","Peach","269","0","3"
"18-29 years","Peach","924","1","18"
"30-39 years","Peach","718","4","23"
"40-49 years","Peach","605","9","37"
"50-59 years","Peach","637","14","64"
"60-69 years","Peach","573","29","84"
"70-79 years","Peach","302","30","75"
"80 & Older years","Peach","141","26","52"
"<1 years","Peach","24","0","0"
"01-04 years","Pickens","87","0","10"
"05-09 years","Pickens","126","0","5"
"10-17 years","Pickens","354","0","4"
"18-29 years","Pickens","949","1","29"
"30-39 years","Pickens","782","5","42"
"40-49 years","Pickens","795","4","53"
"50-59 years","Pickens","965","14","79"
"60-69 years","Pickens","845","27","129"
"70-79 years","Pickens","611","44","134"
"80 & Older years","Pickens","275","47","83"
"<1 years","Pickens","40","0","6"
"Unknown years","Pickens","1","0","0"
"01-04 years","Pierce","70","0","0"
"05-09 years","Pierce","102","0","1"
"10-17 years","Pierce","285","2","2"
"18-29 years","Pierce","513","0","13"
"30-39 years","Pierce","408","4","17"
"40-49 years","Pierce","447","6","39"
"50-59 years","Pierce","425","17","51"
"60-69 years","Pierce","333","23","80"
"70-79 years","Pierce","223","29","80"
"80 & Older years","Pierce","101","27","35"
"<1 years","Pierce","38","0","2"
"01-04 years","Pike","102","0","0"
"05-09 years","Pike","132","0","0"
"10-17 years","Pike","321","0","1"
"18-29 years","Pike","453","2","13"
"30-39 years","Pike","465","2","13"
"40-49 years","Pike","475","4","23"
"50-59 years","Pike","437","15","38"
"60-69 years","Pike","311","20","54"
"70-79 years","Pike","197","20","50"
"80 & Older years","Pike","93","18","30"
"<1 years","Pike","38","0","0"
"Unknown years","Pike","2","0","0"
"01-04 years","Polk","242","0","3"
"05-09 years","Polk","354","0","4"
"10-17 years","Polk","1025","0","9"
"18-29 years","Polk","2125","0","36"
"30-39 years","Polk","1620","2","43"
"40-49 years","Polk","1475","8","75"
"50-59 years","Polk","1434","27","149"
"60-69 years","Polk","1008","40","167"
"70-79 years","Polk","681","53","168"
"80 & Older years","Polk","310","45","92"
"<1 years","Polk","156","0","6"
"Unknown years","Polk","7","0","1"
"01-04 years","Pulaski","36","0","0"
"05-09 years","Pulaski","51","0","0"
"10-17 years","Pulaski","126","0","1"
"18-29 years","Pulaski","236","0","3"
"30-39 years","Pulaski","214","1","4"
"40-49 years","Pulaski","185","0","11"
"50-59 years","Pulaski","196","5","12"
"60-69 years","Pulaski","160","14","18"
"70-79 years","Pulaski","79","14","18"
"80 & Older years","Pulaski","56","16","8"
"<1 years","Pulaski","16","0","0"
"Unknown years","Pulaski","25","0","0"
"01-04 years","Putnam","71","0","0"
"05-09 years","Putnam","127","0","1"
"10-17 years","Putnam","329","0","3"
"18-29 years","Putnam","662","0","8"
"30-39 years","Putnam","587","3","21"
"40-49 years","Putnam","490","4","26"
"50-59 years","Putnam","649","6","48"
"60-69 years","Putnam","580","29","67"
"70-79 years","Putnam","443","36","101"
"80 & Older years","Putnam","190","27","54"
"<1 years","Putnam","27","0","1"
"01-04 years","Quitman","10","0","0"
"05-09 years","Quitman","16","0","0"
"10-17 years","Quitman","28","0","0"
"18-29 years","Quitman","39","0","2"
"30-39 years","Quitman","33","0","2"
"40-49 years","Quitman","18","0","1"
"50-59 years","Quitman","42","0","4"
"60-69 years","Quitman","48","1","7"
"70-79 years","Quitman","15","1","2"
"80 & Older years","Quitman","13","1","5"
"<1 years","Quitman","8","0","1"
"01-04 years","Rabun","56","0","0"
"05-09 years","Rabun","97","0","0"
"10-17 years","Rabun","276","0","2"
"18-29 years","Rabun","427","2","10"
"30-39 years","Rabun","349","2","16"
"40-49 years","Rabun","385","3","26"
"50-59 years","Rabun","457","9","51"
"60-69 years","Rabun","468","15","55"
"70-79 years","Rabun","371","28","75"
"80 & Older years","Rabun","150","26","52"
"<1 years","Rabun","28","0","1"
"Unknown years","Rabun","1","0","0"
"01-04 years","Randolph","19","0","1"
"05-09 years","Randolph","44","0","0"
"10-17 years","Randolph","95","0","3"
"18-29 years","Randolph","144","1","7"
"30-39 years","Randolph","125","2","10"
"40-49 years","Randolph","95","0","9"
"50-59 years","Randolph","143","7","30"
"60-69 years","Randolph","112","10","24"
"70-79 years","Randolph","79","7","23"
"80 & Older years","Randolph","60","15","18"
"<1 years","Randolph","5","0","0"
"01-04 years","Richmond","905","0","18"
"05-09 years","Richmond","1512","1","19"
"10-17 years","Richmond","3440","0","53"
"18-29 years","Richmond","10063","16","155"
"30-39 years","Richmond","7559","17","216"
"40-49 years","Richmond","5571","36","248"
"50-59 years","Richmond","5062","77","439"
"60-69 years","Richmond","3975","173","555"
"70-79 years","Richmond","2111","205","562"
"80 & Older years","Richmond","1160","240","428"
"<1 years","Richmond","326","0","20"
"Unknown years","Richmond","22","0","0"
"01-04 years","Rockdale","396","0","41"
"05-09 years","Rockdale","667","0","35"
"10-17 years","Rockdale","1658","0","98"
"18-29 years","Rockdale","3402","5","299"
"30-39 years","Rockdale","2917","5","320"
"40-49 years","Rockdale","2968","12","314"
"50-59 years","Rockdale","2988","32","391"
"60-69 years","Rockdale","1863","70","357"
"70-79 years","Rockdale","1060","89","330"
"80 & Older years","Rockdale","561","95","258"
"<1 years","Rockdale","113","0","17"
"Unknown years","Rockdale","7","0","6"
"01-04 years","Schley","15","0","0"
"05-09 years","Schley","21","0","0"
"10-17 years","Schley","67","0","0"
"18-29 years","Schley","95","0","3"
"30-39 years","Schley","78","0","0"
"40-49 years","Schley","91","0","5"
"50-59 years","Schley","88","2","9"
"60-69 years","Schley","60","1","8"
"70-79 years","Schley","46","6","9"
"80 & Older years","Schley","13","2","3"
"<1 years","Schley","5","0","0"
"01-04 years","Screven","39","0","2"
"05-09 years","Screven","83","0","0"
"10-17 years","Screven","230","0","2"
"18-29 years","Screven","337","0","10"
"30-39 years","Screven","310","1","7"
"40-49 years","Screven","254","5","14"
"50-59 years","Screven","269","6","23"
"60-69 years","Screven","247","8","26"
"70-79 years","Screven","145","10","26"
"80 & Older years","Screven","77","11","20"
"<1 years","Screven","21","0","0"
"01-04 years","Seminole","48","0","0"
"05-09 years","Seminole","64","0","0"
"10-17 years","Seminole","192","0","1"
"18-29 years","Seminole","299","0","5"
"30-39 years","Seminole","247","1","6"
"40-49 years","Seminole","222","0","11"
"50-59 years","Seminole","248","5","12"
"60-69 years","Seminole","248","8","38"
"70-79 years","Seminole","161","8","27"
"80 & Older years","Seminole","79","8","28"
"<1 years","Seminole","24","0","1"
"Unknown years","Seminole","1","0","0"
"01-04 years","Spalding","307","0","3"
"05-09 years","Spalding","399","0","1"
"10-17 years","Spalding","916","0","9"
"18-29 years","Spalding","2177","4","66"
"30-39 years","Spalding","1888","7","71"
"40-49 years","Spalding","1691","18","101"
"50-59 years","Spalding","1644","42","154"
"60-69 years","Spalding","1300","97","208"
"70-79 years","Spalding","843","104","181"
"80 & Older years","Spalding","467","101","126"
"<1 years","Spalding","125","0","7"
"Unknown years","Spalding","12","0","3"
"01-04 years","Stephens","106","0","3"
"05-09 years","Stephens","167","0","1"
"10-17 years","Stephens","550","0","3"
"18-29 years","Stephens","1169","1","30"
"30-39 years","Stephens","794","0","16"
"40-49 years","Stephens","904","1","33"
"50-59 years","Stephens","967","17","71"
"60-69 years","Stephens","885","36","108"
"70-79 years","Stephens","590","47","121"
"80 & Older years","Stephens","297","42","64"
"<1 years","Stephens","44","0","1"
"Unknown years","Stephens","2","0","0"
"01-04 years","Stewart","12","0","1"
"05-09 years","Stewart","24","0","0"
"10-17 years","Stewart","61","0","0"
"18-29 years","Stewart","866","0","24"
"30-39 years","Stewart","704","1","28"
"40-49 years","Stewart","433","3","25"
"50-59 years","Stewart","227","3","22"
"60-69 years","Stewart","115","16","34"
"70-79 years","Stewart","48","4","10"
"80 & Older years","Stewart","40","6","11"
"<1 years","Stewart","4","0","0"
"Unknown years","Stewart","9","0","0"
"01-04 years","Sumter","98","0","2"
"05-09 years","Sumter","146","0","0"
"10-17 years","Sumter","311","0","11"
"18-29 years","Sumter","815","2","30"
"30-39 years","Sumter","641","2","43"
"40-49 years","Sumter","586","12","48"
"50-59 years","Sumter","620","15","78"
"60-69 years","Sumter","496","36","103"
"70-79 years","Sumter","301","43","89"
"80 & Older years","Sumter","209","54","88"
"<1 years","Sumter","62","0","4"
"01-04 years","Talbot","33","0","1"
"05-09 years","Talbot","41","0","0"
"10-17 years","Talbot","86","0","1"
"18-29 years","Talbot","177","0","5"
"30-39 years","Talbot","128","0","4"
"40-49 years","Talbot","143","3","7"
"50-59 years","Talbot","165","6","17"
"60-69 years","Talbot","145","9","33"
"70-79 years","Talbot","79","8","14"
"80 & Older years","Talbot","45","7","17"
"<1 years","Talbot","9","0","0"
"01-04 years","Taliaferro","3","0","0"
"05-09 years","Taliaferro","4","0","1"
"10-17 years","Taliaferro","14","0","0"
"18-29 years","Taliaferro","34","0","3"
"30-39 years","Taliaferro","34","0","0"
"40-49 years","Taliaferro","34","0","3"
"50-59 years","Taliaferro","22","0","1"
"60-69 years","Taliaferro","33","1","5"
"70-79 years","Taliaferro","19","1","7"
"80 & Older years","Taliaferro","5","1","3"
"<1 years","Taliaferro","1","0","0"
"01-04 years","Tattnall","90","0","1"
"05-09 years","Tattnall","129","0","1"
"10-17 years","Tattnall","337","0","3"
"18-29 years","Tattnall","677","1","5"
"30-39 years","Tattnall","605","2","13"
"40-49 years","Tattnall","541","1","17"
"50-59 years","Tattnall","536","17","39"
"60-69 years","Tattnall","378","24","57"
"70-79 years","Tattnall","205","34","55"
"80 & Older years","Tattnall","74","9","20"
"<1 years","Tattnall","45","0","1"
"01-04 years","Taylor","35","0","3"
"05-09 years","Taylor","88","0","0"
"10-17 years","Taylor","128","0","1"
"18-29 years","Taylor","211","1","7"
"30-39 years","Taylor","158","1","5"
"40-49 years","Taylor","203","1","19"
"50-59 years","Taylor","164","4","26"
"60-69 years","Taylor","148","8","30"
"70-79 years","Taylor","79","11","24"
"80 & Older years","Taylor","58","12","17"
"<1 years","Taylor","14","0","1"
"01-04 years","Telfair","20","0","0"
"05-09 years","Telfair","33","0","0"
"10-17 years","Telfair","73","0","1"
"18-29 years","Telfair","266","0","4"
"30-39 years","Telfair","211","1","6"
"40-49 years","Telfair","214","2","8"
"50-59 years","Telfair","189","8","18"
"60-69 years","Telfair","167","13","27"
"70-79 years","Telfair","110","18","27"
"80 & Older years","Telfair","57","17","15"
"<1 years","Telfair","12","0","0"
"Unknown years","Telfair","1","0","0"
"01-04 years","Terrell","31","0","0"
"05-09 years","Terrell","45","0","0"
"10-17 years","Terrell","202","0","1"
"18-29 years","Terrell","180","0","11"
"30-39 years","Terrell","161","0","16"
"40-49 years","Terrell","146","2","18"
"50-59 years","Terrell","183","10","33"
"60-69 years","Terrell","160","14","49"
"70-79 years","Terrell","94","21","35"
"80 & Older years","Terrell","60","19","22"
"<1 years","Terrell","10","0","0"
"01-04 years","Thomas","329","1","2"
"05-09 years","Thomas","570","0","4"
"10-17 years","Thomas","1205","0","3"
"18-29 years","Thomas","1628","2","50"
"30-39 years","Thomas","1335","5","41"
"40-49 years","Thomas","1256","12","74"
"50-59 years","Thomas","1267","29","115"
"60-69 years","Thomas","940","33","178"
"70-79 years","Thomas","544","50","131"
"80 & Older years","Thomas","313","61","108"
"<1 years","Thomas","161","0","5"
"Unknown years","Thomas","3","0","0"
"01-04 years","Tift","180","0","8"
"05-09 years","Tift","243","0","5"
"10-17 years","Tift","581","0","13"
"18-29 years","Tift","1431","2","45"
"30-39 years","Tift","1062","4","59"
"40-49 years","Tift","962","11","84"
"50-59 years","Tift","842","20","99"
"60-69 years","Tift","671","31","118"
"70-79 years","Tift","412","50","121"
"80 & Older years","Tift","246","54","88"
"<1 years","Tift","100","0","5"
"Unknown years","Tift","1","0","0"
"01-04 years","Toombs","89","0","1"
"05-09 years","Toombs","154","0","0"
"10-17 years","Toombs","437","0","2"
"18-29 years","Toombs","1128","1","20"
"30-39 years","Toombs","884","2","12"
"40-49 years","Toombs","813","9","43"
"50-59 years","Toombs","831","21","46"
"60-69 years","Toombs","723","37","88"
"70-79 years","Toombs","481","50","61"
"80 & Older years","Toombs","261","57","48"
"<1 years","Toombs","43","0","2"
"Unknown years","Toombs","2","0","0"
"01-04 years","Towns","27","0","1"
"05-09 years","Towns","35","0","1"
"10-17 years","Towns","108","0","2"
"18-29 years","Towns","324","0","5"
"30-39 years","Towns","209","1","6"
"40-49 years","Towns","256","4","8"
"50-59 years","Towns","400","9","34"
"60-69 years","Towns","484","15","41"
"70-79 years","Towns","400","21","63"
"80 & Older years","Towns","293","46","85"
"<1 years","Towns","11","0","0"
"01-04 years","Treutlen","20","0","0"
"05-09 years","Treutlen","38","0","1"
"10-17 years","Treutlen","97","0","1"
"18-29 years","Treutlen","235","0","4"
"30-39 years","Treutlen","212","0","7"
"40-49 years","Treutlen","186","6","8"
"50-59 years","Treutlen","171","3","12"
"60-69 years","Treutlen","126","9","18"
"70-79 years","Treutlen","90","21","14"
"80 & Older years","Treutlen","53","14","13"
"<1 years","Treutlen","2","0","0"
"01-04 years","Troup","417","0","3"
"05-09 years","Troup","564","0","1"
"10-17 years","Troup","1261","0","13"
"18-29 years","Troup","2900","3","50"
"30-39 years","Troup","2307","10","73"
"40-49 years","Troup","1924","14","83"
"50-59 years","Troup","1915","46","167"
"60-69 years","Troup","1381","70","167"
"70-79 years","Troup","782","79","155"
"80 & Older years","Troup","494","122","101"
"<1 years","Troup","180","0","5"
"Unknown years","Troup","2","0","0"
"01-04 years","Turner","21","0","0"
"05-09 years","Turner","31","0","1"
"10-17 years","Turner","61","0","2"
"18-29 years","Turner","224","0","9"
"30-39 years","Turner","228","1","16"
"40-49 years","Turner","203","1","11"
"50-59 years","Turner","177","2","20"
"60-69 years","Turner","137","11","37"
"70-79 years","Turner","79","15","23"
"80 & Older years","Turner","47","19","19"
"<1 years","Turner","22","0","1"
"01-04 years","Twiggs","30","0","1"
"05-09 years","Twiggs","26","0","1"
"10-17 years","Twiggs","76","0","1"
"18-29 years","Twiggs","167","0","3"
"30-39 years","Twiggs","153","1","5"
"40-49 years","Twiggs","156","2","14"
"50-59 years","Twiggs","206","4","33"
"60-69 years","Twiggs","202","15","49"
"70-79 years","Twiggs","108","19","42"
"80 & Older years","Twiggs","46","17","24"
"<1 years","Twiggs","5","0","0"
"01-04 years","Union","48","0","0"
"05-09 years","Union","92","0","0"
"10-17 years","Union","270","0","2"
"18-29 years","Union","631","1","9"
"30-39 years","Union","581","3","15"
"40-49 years","Union","563","2","26"
"50-59 years","Union","740","10","61"
"60-69 years","Union","951","24","102"
"70-79 years","Union","851","46","151"
"80 & Older years","Union","441","72","146"
"<1 years","Union","28","0","2"
"Unknown years","Union","3","0","0"
"01-04 years","Unknown","378","0","2"
"05-09 years","Unknown","542","0","0"
"10-17 years","Unknown","1106","0","1"
"18-29 years","Unknown","2345","0","10"
"30-39 years","Unknown","1605","0","8"
"40-49 years","Unknown","1500","0","7"
"50-59 years","Unknown","1211","0","11"
"60-69 years","Unknown","729","0","21"
"70-79 years","Unknown","344","0","14"
"80 & Older years","Unknown","166","0","12"
"<1 years","Unknown","206","0","2"
"Unknown years","Unknown","135","0","4"
"01-04 years","Upson","164","0","2"
"05-09 years","Upson","219","0","0"
"10-17 years","Upson","471","1","6"
"18-29 years","Upson","876","0","23"
"30-39 years","Upson","690","2","18"
"40-49 years","Upson","639","3","33"
"50-59 years","Upson","647","18","69"
"60-69 years","Upson","558","43","96"
"70-79 years","Upson","378","61","105"
"80 & Older years","Upson","199","61","78"
"<1 years","Upson","72","0","3"
"Unknown years","Upson","5","0","0"
"01-04 years","Walker","319","0","3"
"05-09 years","Walker","524","0","2"
"10-17 years","Walker","1358","0","11"
"18-29 years","Walker","2767","0","33"
"30-39 years","Walker","2233","2","35"
"40-49 years","Walker","2363","12","77"
"50-59 years","Walker","2144","17","93"
"60-69 years","Walker","1658","45","130"
"70-79 years","Walker","1086","66","140"
"80 & Older years","Walker","519","75","93"
"<1 years","Walker","133","0","7"
"Unknown years","Walker","25","0","3"
"01-04 years","Walton","361","0","25"
"05-09 years","Walton","579","0","26"
"10-17 years","Walton","1537","0","57"
"18-29 years","Walton","3192","3","208"
"30-39 years","Walton","2870","8","184"
"40-49 years","Walton","2887","13","225"
"50-59 years","Walton","2835","37","289"
"60-69 years","Walton","1947","71","347"
"70-79 years","Walton","1290","127","351"
"80 & Older years","Walton","754","156","285"
"<1 years","Walton","167","0","22"
"Unknown years","Walton","3","0","1"
"01-04 years","Ware","182","0","1"
"05-09 years","Ware","242","0","0"
"10-17 years","Ware","624","0","5"
"18-29 years","Ware","1174","3","23"
"30-39 years","Ware","974","4","43"
"40-49 years","Ware","881","5","61"
"50-59 years","Ware","800","35","140"
"60-69 years","Ware","613","42","133"
"70-79 years","Ware","446","58","148"
"80 & Older years","Ware","296","81","93"
"<1 years","Ware","74","0","3"
"01-04 years","Warren","13","0","0"
"05-09 years","Warren","17","0","1"
"10-17 years","Warren","50","0","1"
"18-29 years","Warren","141","0","4"
"30-39 years","Warren","107","0","6"
"40-49 years","Warren","100","3","9"
"50-59 years","Warren","98","3","11"
"60-69 years","Warren","81","3","15"
"70-79 years","Warren","66","8","22"
"80 & Older years","Warren","36","9","18"
"<1 years","Warren","10","0","1"
"Unknown years","Warren","1","0","0"
"01-04 years","Washington","120","0","0"
"05-09 years","Washington","165","0","0"
"10-17 years","Washington","406","1","5"
"18-29 years","Washington","600","0","8"
"30-39 years","Washington","533","2","16"
"40-49 years","Washington","500","6","16"
"50-59 years","Washington","465","9","24"
"60-69 years","Washington","388","18","41"
"70-79 years","Washington","192","18","35"
"80 & Older years","Washington","97","30","16"
"<1 years","Washington","50","0","1"
"Unknown years","Washington","1","0","0"
"01-04 years","Wayne","107","0","3"
"05-09 years","Wayne","184","0","2"
"10-17 years","Wayne","558","0","4"
"18-29 years","Wayne","1065","1","18"
"30-39 years","Wayne","999","7","27"
"40-49 years","Wayne","995","12","72"
"50-59 years","Wayne","906","27","84"
"60-69 years","Wayne","689","46","127"
"70-79 years","Wayne","479","51","140"
"80 & Older years","Wayne","227","48","72"
"<1 years","Wayne","58","0","3"
"01-04 years","Webster","1","0","0"
"05-09 years","Webster","10","0","0"
"10-17 years","Webster","21","0","0"
"18-29 years","Webster","51","0","3"
"30-39 years","Webster","29","0","2"
"40-49 years","Webster","43","1","3"
"50-59 years","Webster","44","3","8"
"60-69 years","Webster","41","1","7"
"70-79 years","Webster","22","3","5"
"80 & Older years","Webster","9","2","3"
"<1 years","Webster","3","0","0"
"01-04 years","Wheeler","14","0","0"
"05-09 years","Wheeler","12","0","1"
"10-17 years","Wheeler","52","0","0"
"18-29 years","Wheeler","169","0","0"
"30-39 years","Wheeler","196","2","2"
"40-49 years","Wheeler","182","3","5"
"50-59 years","Wheeler","159","9","12"
"60-69 years","Wheeler","86","6","11"
"70-79 years","Wheeler","62","10","14"
"80 & Older years","Wheeler","18","5","2"
"<1 years","Wheeler","8","0","1"
"Unknown years","Wheeler","23","0","1"
"01-04 years","White","102","0","1"
"05-09 years","White","202","0","1"
"10-17 years","White","622","0","2"
"18-29 years","White","1100","2","19"
"30-39 years","White","876","3","16"
"40-49 years","White","998","8","42"
"50-59 years","White","1124","12","78"
"60-69 years","White","1014","24","113"
"70-79 years","White","829","47","146"
"80 & Older years","White","440","58","122"
"<1 years","White","48","0","2"
"Unknown years","White","3","0","0"
"01-04 years","Whitfield","591","0","4"
"05-09 years","Whitfield","993","0","5"
"10-17 years","Whitfield","2936","0","17"
"18-29 years","Whitfield","6817","3","74"
"30-39 years","Whitfield","4706","8","97"
"40-49 years","Whitfield","4473","13","128"
"50-59 years","Whitfield","4062","62","201"
"60-69 years","Whitfield","2543","84","230"
"70-79 years","Whitfield","1533","113","221"
"80 & Older years","Whitfield","836","153","183"
"<1 years","Whitfield","262","0","6"
"Unknown years","Whitfield","1","0","0"
"01-04 years","Wilcox","30","0","1"
"05-09 years","Wilcox","34","0","1"
"10-17 years","Wilcox","67","0","0"
"18-29 years","Wilcox","122","0","2"
"30-39 years","Wilcox","111","0","3"
"40-49 years","Wilcox","127","0","15"
"50-59 years","Wilcox","127","2","22"
"60-69 years","Wilcox","135","11","33"
"70-79 years","Wilcox","84","13","15"
"80 & Older years","Wilcox","30","9","11"
"<1 years","Wilcox","11","0","1"
"01-04 years","Wilkes","18","0","1"
"05-09 years","Wilkes","35","0","0"
"10-17 years","Wilkes","95","0","2"
"18-29 years","Wilkes","216","1","9"
"30-39 years","Wilkes","148","0","9"
"40-49 years","Wilkes","175","1","23"
"50-59 years","Wilkes","164","5","22"
"60-69 years","Wilkes","150","9","36"
"70-79 years","Wilkes","99","10","32"
"80 & Older years","Wilkes","60","12","26"
"<1 years","Wilkes","12","0","2"
"01-04 years","Wilkinson","41","0","0"
"05-09 years","Wilkinson","58","0","0"
"10-17 years","Wilkinson","165","0","2"
"18-29 years","Wilkinson","311","0","5"
"30-39 years","Wilkinson","267","0","14"
"40-49 years","Wilkinson","259","0","11"
"50-59 years","Wilkinson","289","7","34"
"60-69 years","Wilkinson","250","20","58"
"70-79 years","Wilkinson","119","16","29"
"80 & Older years","Wilkinson","70","13","24"
"<1 years","Wilkinson","13","0","0"
"01-04 years","Worth","56","0","2"
"05-09 years","Worth","94","0","2"
"10-17 years","Worth","243","1","6"
"18-29 years","Worth","460","1","23"
"30-39 years","Worth","355","0","22"
"40-49 years","Worth","339","4","29"
"50-59 years","Worth","336","9","45"
"60-69 years","Worth","324","27","83"
"70-79 years","Worth","199","27","65"
"80 & Older years","Worth","116","28","44"
"<1 years","Worth","25","0","0"
"Unknown years","Worth","2","0","0"
