"sex","county name","cases","deaths","confirmed_case_hospitalization"
"Female","Georgia","1198040","15212","63431"
"Male","Georgia","987949","17652","59644"
"Unknown","Georgia","13940","4","371"
"Female","Appling","2033","56","150"
"Male","Appling","1690","59","139"
"Unknown","Appling","1","0","0"
"Female","Atkinson","907","17","126"
"Male","Atkinson","738","26","117"
"Female","Bacon","1349","27","121"
"Male","Bacon","1411","40","115"
"Unknown","Bacon","1","0","0"
"Female","Baker","182","6","25"
"Male","Baker","150","8","23"
"Unknown","Baker","1","0","0"
"Female","Baldwin","4537","71","202"
"Male","Baldwin","3520","136","261"
"Unknown","Baldwin","2","0","0"
"Female","Banks","2041","47","199"
"Male","Banks","1697","42","163"
"Unknown","Banks","14","0","1"
"Female","Barrow","11809","121","583"
"Male","Barrow","9822","133","491"
"Unknown","Barrow","67","0","1"
"Female","Bartow","12886","182","679"
"Male","Bartow","10938","218","685"
"Unknown","Bartow","104","0","0"
"Female","Ben Hill","1281","33","106"
"Male","Ben Hill","967","42","91"
"Unknown","Ben Hill","4","0","0"
"Female","Berrien","1194","32","63"
"Male","Berrien","979","28","53"
"Unknown","Berrien","7","0","0"
"Female","Bibb","18363","353","1559"
"Male","Bibb","13550","361","1325"
"Unknown","Bibb","10","0","1"
"Female","Bleckley","906","26","44"
"Male","Bleckley","638","20","36"
"Unknown","Bleckley","9","0","0"
"Female","Brantley","1441","39","98"
"Male","Brantley","1220","54","93"
"Female","Brooks","1158","28","87"
"Male","Brooks","905","42","80"
"Unknown","Brooks","6","0","0"
"Female","Bryan","3986","32","209"
"Male","Bryan","3623","49","229"
"Unknown","Bryan","16","0","0"
"Female","Bulloch","6351","60","217"
"Male","Bulloch","4917","54","188"
"Unknown","Bulloch","8","0","0"
"Female","Burke","1750","32","132"
"Male","Burke","1398","36","126"
"Unknown","Burke","13","0","0"
"Female","Butts","2614","65","144"
"Male","Butts","2626","84","164"
"Unknown","Butts","30","0","0"
"Female","Calhoun","430","14","49"
"Male","Calhoun","593","9","57"
"Unknown","Calhoun","14","0","0"
"Female","Camden","5438","53","139"
"Male","Camden","4539","55","128"
"Unknown","Camden","17","0","0"
"Female","Candler","800","21","61"
"Male","Candler","655","37","48"
"Unknown","Candler","15","0","0"
"Female","Carroll","8527","87","220"
"Male","Carroll","7273","100","253"
"Unknown","Carroll","55","0","6"
"Female","Catoosa","7305","76","225"
"Male","Catoosa","6306","70","207"
"Unknown","Catoosa","118","0","5"
"Female","Charlton","917","19","64"
"Male","Charlton","1476","28","61"
"Unknown","Charlton","1","0","0"
"Female","Chatham","33568","379","1919"
"Male","Chatham","27364","469","1786"
"Unknown","Chatham","91","0","3"
"Female","Chattahoochee","738","3","26"
"Male","Chattahoochee","5857","14","36"
"Unknown","Chattahoochee","128","0","0"
"Female","Chattooga","3090","59","172"
"Male","Chattooga","2631","63","176"
"Unknown","Chattooga","24","0","0"
"Female","Cherokee","27633","258","1199"
"Male","Cherokee","23519","352","1335"
"Unknown","Cherokee","112","0","1"
"Female","Clarke","16435","104","791"
"Male","Clarke","12608","130","697"
"Unknown","Clarke","60","0","1"
"Female","Clay","220","1","8"
"Male","Clay","159","5","6"
"Unknown","Clay","3","0","0"
"Female","Clayton","38118","468","2016"
"Male","Clayton","27499","475","1675"
"Unknown","Clayton","289","0","8"
"Female","Clinch","811","17","52"
"Male","Clinch","703","23","46"
"Unknown","Clinch","1","0","0"
"Female","Cobb","87562","792","2560"
"Male","Cobb","71288","968","2579"
"Unknown","Cobb","692","0","5"
"Female","Coffee","4742","126","626"
"Male","Coffee","3828","107","500"
"Unknown","Coffee","3","0","0"
"Female","Colquitt","4677","86","213"
"Male","Colquitt","4064","95","218"
"Unknown","Colquitt","15","0","0"
"Female","Columbia","12097","137","474"
"Male","Columbia","10894","194","467"
"Unknown","Columbia","61","0","0"
"Female","Cook","1239","28","79"
"Male","Cook","955","30","68"
"Unknown","Cook","3","0","0"
"Female","Coweta","13547","193","955"
"Male","Coweta","11460","248","876"
"Unknown","Coweta","86","0","5"
"Female","Crawford","736","21","61"
"Male","Crawford","606","29","66"
"Female","Crisp","1486","35","123"
"Male","Crisp","1118","36","83"
"Unknown","Crisp","37","0","0"
"Female","Dade","1490","16","53"
"Male","Dade","1378","12","52"
"Unknown","Dade","32","0","0"
"Female","Dawson","3770","40","195"
"Male","Dawson","3177","59","222"
"Unknown","Dawson","24","0","0"
"Female","DeKalb","87045","779","4880"
"Male","DeKalb","67286","845","4196"
"Unknown","DeKalb","1085","0","21"
"Female","Decatur","3248","43","151"
"Male","Decatur","2496","53","130"
"Unknown","Decatur","34","0","0"
"Female","Dodge","1128","35","71"
"Male","Dodge","1058","38","70"
"Unknown","Dodge","31","0","0"
"Female","Dooly","854","18","61"
"Male","Dooly","775","24","57"
"Unknown","Dooly","11","0","0"
"Female","Dougherty","9002","246","949"
"Male","Dougherty","6465","224","728"
"Unknown","Dougherty","200","0","1"
"Female","Douglas","18086","161","728"
"Male","Douglas","14157","183","640"
"Unknown","Douglas","138","0","1"
"Female","Early","1325","31","77"
"Male","Early","899","25","44"
"Unknown","Early","9","0","0"
"Female","Echols","206","2","6"
"Male","Echols","277","4","12"
"Unknown","Echols","1","0","0"
"Female","Effingham","6129","70","320"
"Male","Effingham","5288","103","340"
"Unknown","Effingham","22","0","0"
"Female","Elbert","1636","41","181"
"Male","Elbert","1186","45","130"
"Unknown","Elbert","8","0","1"
"Female","Emanuel","1965","48","138"
"Male","Emanuel","1592","35","92"
"Unknown","Emanuel","22","0","0"
"Female","Evans","938","19","82"
"Male","Evans","696","22","59"
"Female","Fannin","2430","58","163"
"Male","Fannin","2054","82","196"
"Unknown","Fannin","3","0","0"
"Female","Fayette","11073","134","611"
"Male","Fayette","9684","167","652"
"Unknown","Fayette","89","0","1"
"Female","Floyd","13803","182","831"
"Male","Floyd","11348","249","837"
"Unknown","Floyd","122","0","1"
"Female","Forsyth","26021","162","752"
"Male","Forsyth","23488","240","904"
"Unknown","Forsyth","1069","0","0"
"Female","Franklin","2572","30","153"
"Male","Franklin","2080","52","136"
"Unknown","Franklin","15","0","1"
"Female","Fulton","120203","1070","5803"
"Male","Fulton","98800","1152","5319"
"Unknown","Fulton","989","0","78"
"Female","Gilmer","2703","69","243"
"Male","Gilmer","2298","84","251"
"Unknown","Gilmer","22","0","0"
"Female","Glascock","149","3","12"
"Male","Glascock","129","6","19"
"Unknown","Glascock","6","0","0"
"Female","Glynn","10810","163","398"
"Male","Glynn","8948","207","399"
"Unknown","Glynn","23","0","0"
"Female","Gordon","6962","102","251"
"Male","Gordon","5919","132","263"
"Unknown","Gordon","120","0","1"
"Female","Grady","2287","35","153"
"Male","Grady","1716","47","132"
"Unknown","Grady","17","0","0"
"Female","Greene","1947","38","147"
"Male","Greene","1624","41","177"
"Unknown","Greene","11","0","0"
"Female","Gwinnett","108661","826","4143"
"Male","Gwinnett","90575","1003","3912"
"Unknown","Gwinnett","970","0","5"
"Female","Habersham","4981","118","355"
"Male","Habersham","4123","129","396"
"Unknown","Habersham","25","0","1"
"Female","Hall","28254","367","1800"
"Male","Hall","23734","448","1920"
"Unknown","Hall","253","1","1"
"Female","Hancock","791","34","67"
"Male","Hancock","775","48","75"
"Unknown","Hancock","2","0","0"
"Female","Haralson","2005","34","71"
"Male","Haralson","1705","33","52"
"Unknown","Haralson","17","0","0"
"Female","Harris","3015","48","181"
"Male","Harris","2616","56","195"
"Unknown","Harris","27","0","0"
"Female","Hart","1942","29","124"
"Male","Hart","1468","36","104"
"Unknown","Hart","7","0","0"
"Female","Heard","866","19","47"
"Male","Heard","781","17","66"
"Unknown","Heard","3","0","0"
"Female","Henry","29956","299","1433"
"Male","Henry","22756","348","1226"
"Unknown","Henry","111","0","0"
"Female","Houston","15090","164","646"
"Male","Houston","11786","182","634"
"Unknown","Houston","10","0","0"
"Female","Irwin","534","15","60"
"Male","Irwin","555","10","50"
"Unknown","Irwin","3","0","0"
"Female","Jackson","10821","113","544"
"Male","Jackson","9369","164","598"
"Unknown","Jackson","76","0","1"
"Female","Jasper","1006","17","105"
"Male","Jasper","900","23","89"
"Unknown","Jasper","3","0","0"
"Female","Jeff Davis","1328","19","70"
"Male","Jeff Davis","1087","30","72"
"Female","Jefferson","1303","35","113"
"Male","Jefferson","1010","48","113"
"Unknown","Jefferson","7","0","0"
"Female","Jenkins","637","20","52"
"Male","Jenkins","489","25","56"
"Unknown","Jenkins","2","1","1"
"Female","Johnson","757","25","69"
"Male","Johnson","822","33","66"
"Unknown","Johnson","13","0","0"
"Female","Jones","2328","40","170"
"Male","Jones","1788","61","170"
"Female","Lamar","1993","44","127"
"Male","Lamar","1601","58","125"
"Unknown","Lamar","14","0","1"
"Female","Lanier","616","8","20"
"Male","Lanier","601","11","28"
"Unknown","Lanier","7","0","0"
"Female","Laurens","5264","112","227"
"Male","Laurens","3934","144","254"
"Unknown","Laurens","53","0","1"
"Female","Lee","2328","47","209"
"Male","Lee","1870","47","176"
"Unknown","Lee","20","0","1"
"Female","Liberty","6708","47","217"
"Male","Liberty","6017","62","216"
"Unknown","Liberty","23","0","0"
"Female","Lincoln","474","15","43"
"Male","Lincoln","422","14","46"
"Unknown","Lincoln","7","0","0"
"Female","Long","1433","10","59"
"Male","Long","1154","16","49"
"Unknown","Long","3","0","0"
"Female","Lowndes","9622","155","400"
"Male","Lowndes","7545","135","305"
"Unknown","Lowndes","62","0","2"
"Female","Lumpkin","4090","55","273"
"Male","Lumpkin","3407","59","251"
"Unknown","Lumpkin","21","0","0"
"Female","Macon","707","15","58"
"Male","Macon","632","29","66"
"Unknown","Macon","3","0","0"
"Female","Madison","3511","39","274"
"Male","Madison","2918","63","229"
"Unknown","Madison","10","0","0"
"Female","Marion","617","21","55"
"Male","Marion","421","22","48"
"Unknown","Marion","3","0","0"
"Female","McDuffie","1760","43","156"
"Male","McDuffie","1372","40","135"
"Unknown","McDuffie","45","0","1"
"Female","McIntosh","1203","18","51"
"Male","McIntosh","968","17","58"
"Unknown","McIntosh","1","0","0"
"Female","Meriwether","2115","67","191"
"Male","Meriwether","1596","58","150"
"Unknown","Meriwether","17","0","2"
"Female","Miller","790","7","35"
"Male","Miller","611","12","30"
"Unknown","Miller","3","0","0"
"Female","Mitchell","1822","48","181"
"Male","Mitchell","1514","56","162"
"Unknown","Mitchell","7","0","0"
"Female","Monroe","2364","68","147"
"Male","Monroe","1993","71","155"
"Unknown","Monroe","1","0","0"
"Female","Montgomery","807","22","43"
"Male","Montgomery","714","27","36"
"Unknown","Montgomery","9","0","0"
"Female","Morgan","1771","23","122"
"Male","Morgan","1447","35","119"
"Unknown","Morgan","20","0","0"
"Female","Murray","5386","71","207"
"Male","Murray","4569","107","230"
"Unknown","Murray","13","0","0"
"Female","Muscogee","20181","404","1422"
"Male","Muscogee","15194","347","1283"
"Unknown","Muscogee","201","0","1"
"Female","Newton","12046","197","1410"
"Male","Newton","8932","218","1116"
"Unknown","Newton","103","0","1"
"Female","Non-GA Resident/Unknown State","35722","419","1710"
"Male","Non-GA Resident/Unknown State","34252","597","2004"
"Unknown","Non-GA Resident/Unknown State","3467","0","171"
"Female","Oconee","4047","38","164"
"Male","Oconee","3551","59","166"
"Unknown","Oconee","16","0","0"
"Female","Oglethorpe","1478","22","127"
"Male","Oglethorpe","1142","32","112"
"Unknown","Oglethorpe","4","0","0"
"Female","Paulding","16589","160","421"
"Male","Paulding","13179","169","371"
"Unknown","Paulding","120","0","4"
"Female","Peach","2416","52","184"
"Male","Peach","1852","58","156"
"Female","Pickens","3104","56","268"
"Male","Pickens","2545","79","276"
"Unknown","Pickens","13","0","0"
"Female","Pierce","1631","43","140"
"Male","Pierce","1306","63","168"
"Unknown","Pierce","3","0","0"
"Female","Pike","1589","32","105"
"Male","Pike","1370","45","96"
"Unknown","Pike","7","0","1"
"Female","Polk","5542","83","382"
"Male","Polk","4611","89","343"
"Unknown","Polk","27","0","0"
"Female","Pulaski","826","30","42"
"Male","Pulaski","501","18","29"
"Unknown","Pulaski","33","0","0"
"Female","Putnam","2229","38","150"
"Male","Putnam","1821","65","170"
"Unknown","Putnam","1","0","0"
"Female","Quitman","162","1","10"
"Male","Quitman","99","2","13"
"Female","Rabun","1582","36","149"
"Male","Rabun","1421","48","130"
"Unknown","Rabun","6","0","0"
"Female","Randolph","530","27","74"
"Male","Randolph","383","16","49"
"Unknown","Randolph","3","0","0"
"Female","Richmond","22053","325","1274"
"Male","Richmond","18441","416","1284"
"Unknown","Richmond","192","0","6"
"Female","Rockdale","10399","159","1368"
"Male","Rockdale","7560","146","1001"
"Unknown","Rockdale","71","0","2"
"Female","Schley","314","5","18"
"Male","Schley","254","6","18"
"Unknown","Schley","1","0","0"
"Female","Screven","1118","16","66"
"Male","Screven","857","20","60"
"Unknown","Screven","6","0","0"
"Female","Seminole","968","12","72"
"Male","Seminole","825","15","50"
"Unknown","Seminole","5","0","0"
"Female","Spalding","6347","177","477"
"Male","Spalding","5142","190","398"
"Unknown","Spalding","32","0","0"
"Female","Stephens","3521","70","213"
"Male","Stephens","2806","69","201"
"Unknown","Stephens","22","0","0"
"Female","Stewart","797","10","42"
"Male","Stewart","1591","22","115"
"Unknown","Stewart","43","0","0"
"Female","Sumter","2408","74","252"
"Male","Sumter","1786","85","225"
"Unknown","Sumter","14","0","0"
"Female","Talbot","563","11","37"
"Male","Talbot","455","21","53"
"Unknown","Talbot","3","0","0"
"Female","Taliaferro","105","0","4"
"Male","Taliaferro","91","3","16"
"Unknown","Taliaferro","1","0","0"
"Female","Tattnall","1799","45","98"
"Male","Tattnall","1785","39","98"
"Unknown","Tattnall","4","0","0"
"Female","Taylor","670","22","65"
"Male","Taylor","565","19","61"
"Unknown","Taylor","10","0","0"
"Female","Telfair","648","25","40"
"Male","Telfair","663","34","60"
"Unknown","Telfair","14","0","0"
"Female","Terrell","720","34","97"
"Male","Terrell","528","32","84"
"Unknown","Terrell","10","0","0"
"Female","Thomas","5445","102","358"
"Male","Thomas","3968","86","320"
"Unknown","Thomas","17","0","0"
"Female","Tift","3659","80","354"
"Male","Tift","2957","90","271"
"Unknown","Tift","26","0","0"
"Female","Toombs","3298","85","147"
"Male","Toombs","2488","90","156"
"Unknown","Toombs","1","0","0"
"Female","Towns","1271","43","114"
"Male","Towns","999","46","111"
"Unknown","Towns","19","0","1"
"Female","Treutlen","609","28","36"
"Male","Treutlen","588","21","37"
"Unknown","Treutlen","11","0","1"
"Female","Troup","7701","171","420"
"Male","Troup","5982","160","354"
"Unknown","Troup","44","0","1"
"Female","Turner","603","20","69"
"Male","Turner","585","28","66"
"Unknown","Turner","14","0","0"
"Female","Twiggs","637","20","74"
"Male","Twiggs","516","35","92"
"Female","Union","2703","70","201"
"Male","Union","2235","79","246"
"Unknown","Union","25","0","0"
"Female","Unknown","4779","1","34"
"Male","Unknown","4559","2","58"
"Unknown","Unknown","945","0","12"
"Female","Upson","2727","95","211"
"Male","Upson","2008","87","180"
"Unknown","Upson","9","0","0"
"Female","Walker","7827","110","305"
"Male","Walker","6933","92","302"
"Unknown","Walker","126","2","8"
"Female","Walton","10056","188","1022"
"Male","Walton","7777","211","854"
"Unknown","Walton","76","0","1"
"Female","Ware","3438","121","318"
"Male","Ware","2806","105","320"
"Unknown","Ware","7","0","0"
"Female","Warren","394","11","46"
"Male","Warren","312","13","31"
"Unknown","Warren","4","0","0"
"Female","Washington","1913","41","80"
"Male","Washington","1533","41","74"
"Female","Wayne","3316","90","253"
"Male","Wayne","2850","94","258"
"Female","Webster","148","5","17"
"Male","Webster","121","4","13"
"Unknown","Webster","3","0","0"
"Female","Wheeler","305","6","9"
"Male","Wheeler","653","29","38"
"Unknown","Wheeler","14","0","0"
"Female","White","3788","64","240"
"Male","White","3268","83","263"
"Unknown","White","25","0","0"
"Female","Whitfield","15539","175","550"
"Male","Whitfield","13734","243","575"
"Unknown","Whitfield","34","0","1"
"Female","Wilcox","400","14","41"
"Male","Wilcox","468","20","56"
"Unknown","Wilcox","3","0","0"
"Female","Wilkes","632","14","74"
"Male","Wilkes","531","25","75"
"Unknown","Wilkes","2","0","0"
"Female","Wilkinson","986","29","78"
"Male","Wilkinson","832","24","92"
"Female","Worth","1420","50","169"
"Male","Worth","1091","45","130"
"Unknown","Worth","11","0","0"
