sample_id,target,ct,cg_num
MI_7_B,BCoV,32.51549149,2
MI_7_B,BCoV,32.9209938,2
MI_7_B,BCoV,32.94132614,2
NO_7_B,BCoV,32.93208313,2
NO_7_B,BCoV,33.49468613,2
NO_7_B,BCoV,33.49892807,2
MI_9_B,BCoV,32.41246414,2
MI_9_B,BCoV,32.45368958,2
MI_9_B,BCoV,32.51529312,2
NO_9_B,BCoV,32.21733475,2
NO_9_B,BCoV,32.41424942,2
NO_9_B,BCoV,32.36301422,2
MI_5_B,BCoV,33.13116837,2
MI_5_B,BCoV,33.35368729,2
MI_5_B,BCoV,33.13378143,2
NO_5_B,BCoV,33.00119781,2
NO_5_B,BCoV,33.45264053,2
NO_5_B,BCoV,33.42800522,2
MI_10_B,BCoV,23.63770485,3
MI_10_B,BCoV,31.64354706,3
MI_10_B,BCoV,31.64497757,3
NO_10_B,BCoV,32.61587143,3
NO_10_B,BCoV,31.60910797,3
NO_10_B,BCoV,28.95948601,3
MI_11_B,BCoV,30.78951645,3
MI_11_B,BCoV,30.74340439,3
MI_11_B,BCoV,30.70985031,3
NO_11_B,BCoV,32.9789772,3
NO_11_B,BCoV,32.11437607,3
NO_11_B,BCoV,32.1146698,3
MI_12_B,BCoV,33.35448837,3
MI_12_B,BCoV,33.13856125,3
MI_12_B,BCoV,32.8766098,3
NO_12_B,BCoV,32.31215668,3
NO_12_B,BCoV,32.48841858,3
NO_12_B,BCoV,32.53013611,3
MI_13_B,BCoV,32.99681091,4
MI_13_B,BCoV,33.78587723,4
MI_13_B,BCoV,33.35672379,4
NO_13_B,BCoV,33.84821701,4
NO_13_B,BCoV,33.21345139,4
NO_13_B,BCoV,32.96680832,4
MI_14_B,BCoV,31.96832275,4
MI_14_B,BCoV,32.10588074,4
MI_14_B,BCoV,32.13446426,4
NO_14_B,BCoV,32.33191299,4
NO_14_B,BCoV,32.8591156,4
NO_14_B,BCoV,32.80900192,4
MI_15_B,BCoV,32.5809288,4
MI_15_B,BCoV,32.8501358,4
MI_15_B,BCoV,34.66039276,4
NO_15_B,BCoV,31.98483276,4
NO_15_B,BCoV,32.31136322,4
NO_15_B,BCoV,32.15584183,4
MI_16_B,BCoV,35.66159058,5
MI_16_B,BCoV,35.47550201,5
NO_16_B,BCoV,33.97371292,5
NO_16_B,BCoV,33.83601379,5
NO_16_B,BCoV,34.59298325,5
MI_17_B,BCoV,34.6544075,5
MI_17_B,BCoV,32.07260513,5
MI_17_B,BCoV,32.04586792,5
NO_17_B,BCoV,34.41693878,5
NO_17_B,BCoV,32.97190857,5
NO_17_B,BCoV,32.2094841,5
MI_18_B,BCoV,32.82718658,5
MI_18_B,BCoV,32.94857407,5
MI_18_B,BCoV,35.96318054,5
NO_18_B,BCoV,31.51800346,5
NO_18_B,BCoV,31.74604607,5
NO_18_B,BCoV,33.56336594,5
MI_19_B,BCoV,33.45943069,6
MI_19_B,BCoV,33.06619263,6
MI_19_B,BCoV,32.69310379,6
NO_19_B,BCoV,32.06352615,6
NO_19_B,BCoV,32.21579742,6
NO_19_B,BCoV,32.06280136,6
MI_20_B,BCoV,33.72975922,6
MI_20_B,BCoV,32.80657959,6
MI_20_B,BCoV,31.56552887,6
NO_20_B,BCoV,33.29678726,6
NO_20_B,BCoV,32.54736328,6
NO_20_B,BCoV,32.39264679,6
CC_20_B,BCoV,33.22704697,6
CC_20_B,BCoV,32.55289459,6
CC_20_B,BCoV,32.48037338,6
MI_21_B,BCoV,31.96298027,6
MI_21_B,BCoV,32.47602844,6
MI_21_B,BCoV,32.28853226,6
NO_21_B,BCoV,32.52219772,6
NO_21_B,BCoV,33.27449799,6
NO_21_B,BCoV,33.10398865,6
CC_21_B,BCoV,35.02671814,6
CC_21_B,BCoV,35.98779297,6
CC_21_B,BCoV,35.74369049,6
NO_22_B,BCoV,32.11224365,7
NO_22_B,BCoV,31.56403732,7
NO_22_B,BCoV,30.14231491,7
MI_22_B,BCoV,32.27950668,7
MI_22_B,BCoV,31.2381916,7
MI_22_B,BCoV,30.78242111,7
CC_22_B,BCoV,36.88879395,7
CC_22_B,BCoV,37.67348862,7
CC_22_B,BCoV,31.3258152,7
,,,23
,,,24
NO_25_B,BCoV,30.22193909,25
NO_25_B,BCoV,30.02006721,25
NO_25_B,BCoV,29.98248482,25
MI_25_B,BCoV,30.53520203,25
MI_25_B,BCoV,30.42049217,25
MI_25_B,BCoV,30.49831581,25
CC_25_B,BCoV,30.48607063,25
CC_25_B,BCoV,30.68040848,25
CC_25_B,BCoV,30.53213692,25
NO_26_B,BCoV,30.62994576,26
NO_26_B,BCoV,30.72281837,26
NO_26_B,BCoV,30.6542263,26
MI_26_B,BCoV,30.29548264,26
MI_26_B,BCoV,30.36167908,26
MI_26_B,BCoV,30.29481506,26
CC_26_B,BCoV,30.3533802,26
CC_26_B,BCoV,30.45884514,26
CC_26_B,BCoV,30.12977028,26
,,,27
,,,28
NO_29_B,BCoV,31.34397316,29
NO_29_B,BCoV,31.24214554,29
NO_29_B,BCoV,31.25050163,29
MI_29_B,BCoV,32.191185,29
MI_29_B,BCoV,32.14165497,29
MI_29_B,BCoV,32.08013916,29
CC_29_B,BCoV,31.48797226,29
CC_29_B,BCoV,31.46213913,29
CC_29_B,BCoV,31.5618,29
NO_30_B,BCoV,31.6571312,30
NO_30_B,BCoV,31.59210396,30
NO_30_B,BCoV,31.65240097,30
MI_30_B,BCoV,31.54901886,30
MI_30_B,BCoV,31.52227211,30
MI_30_B,BCoV,31.58585167,30
CC_30_B,BCoV,31.55614281,30
CC_30_B,BCoV,31.5276432,30
CC_30_B,BCoV,31.80762291,30
NO_31_B,BCoV,31.7086277,31
NO_31_B,BCoV,31.98583221,31
NO_31_B,BCoV,31.97457886,31
MI_31_B,BCoV,30.98832703,31
MI_31_B,BCoV,31.25679398,31
MI_31_B,BCoV,31.30877304,31
CC_31_B,BCoV,30.98568344,31
CC_31_B,BCoV,31.18505287,31
CC_31_B,BCoV,31.08101082,31
NO_32_B,BCoV,31.02237129,32
NO_32_B,BCoV,31.02092361,32
NO_32_B,BCoV,30.87227631,32
MI_32_B,BCoV,30.05874062,32
MI_32_B,BCoV,30.0422821,32
MI_32_B,BCoV,30.01513672,32
CC_32_B,BCoV,30.69592667,32
CC_32_B,BCoV,30.68873024,32
CC_32_B,BCoV,30.56535149,32
NO_33_B,BCoV,30.15470123,33
NO_33_B,BCoV,30.39840508,33
NO_33_B,BCoV,30.37007713,33
MI_33_B,BCoV,29.77947044,33
MI_33_B,BCoV,29.85664749,33
MI_33_B,BCoV,29.82076263,33
CC_33_B,BCoV,29.92478752,33
CC_33_B,BCoV,29.9927845,33
CC_33_B,BCoV,30.01337242,33
NO_34_B,BCoV,30.74028778,34
NO_34_B,BCoV,30.7399559,34
NO_34_B,BCoV,30.84937668,34
MI_34_B,BCoV,30.37247467,34
MI_34_B,BCoV,30.24195862,34
MI_34_B,BCoV,30.22231293,34
CC_34_B,BCoV,30.62089539,34
CC_34_B,BCoV,30.52997017,34
CC_34_B,BCoV,30.55801773,34
NO_35_B,BCoV,30.77755737,35
NO_35_B,BCoV,30.61137581,35
NO_35_B,BCoV,30.64884186,35
MI_35_B,BCoV,30.74607468,35
MI_35_B,BCoV,30.69722366,35
MI_35_B,BCoV,30.70165062,35
CC_35_B,BCoV,31.77384377,35
CC_35_B,BCoV,31.6057148,35
CC_35_B,BCoV,31.73577118,35
NO_36_B,BCoV,30.43848038,36
NO_36_B,BCoV,30.45355797,36
NO_36_B,BCoV,30.46929741,36
MI_36_B,BCoV,30.50709724,36
MI_36_B,BCoV,30.55369568,36
MI_36_B,BCoV,30.62906265,36
CC_36_B,BCoV,30.80870438,36
CC_36_B,BCoV,30.76653671,36
CC_36_B,BCoV,30.89224243,36
NO_37_B,BCoV,30.73063469,37
NO_37_B,BCoV,30.60347557,37
NO_37_B,BCoV,30.53655624,37
MI_37_B,BCoV,30.58468628,37
MI_37_B,BCoV,30.40908241,37
MI_37_B,BCoV,30.42736435,37
CC_37_B,BCoV,30.93169212,37
CC_37_B,BCoV,30.68337631,37
CC_37_B,BCoV,30.51382446,37
NO_38_B,BCoV,30.42388535,38
NO_38_B,BCoV,30.60770607,38
NO_38_B,BCoV,30.38133812,38
MI_38_B,BCoV,36.35263443,38
MI_38_B,BCoV,35.78970337,38
MI_38_B,BCoV,35.97608566,38
CC_38_B,BCoV,30.49807549,38
CC_38_B,BCoV,30.38796043,38
CC_38_B,BCoV,30.44308662,38
NO_39_B,BCoV,30.1076107,39
NO_39_B,BCoV,30.12475395,39
NO_39_B,BCoV,30.10681152,39
MI_39_B,BCoV,29.93932724,39
MI_39_B,BCoV,29.8628788,39
MI_39_B,BCoV,29.92581177,39
CC_39_B,BCoV,29.87116241,39
CC_39_B,BCoV,29.84652901,39
CC_39_B,BCoV,29.87727928,39
,,,40
NO_41_B,BCoV,33.05990982,41
NO_41_B,BCoV,32.96976471,41
NO_41_B,BCoV,32.74295044,41
MI_41_B,BCoV,33.33464432,41
MI_41_B,BCoV,33.31480026,41
MI_41_B,BCoV,33.31097031,41
CC_41_B,BCoV,33.46641922,41
CC_41_B,BCoV,33.59391785,41
CC_41_B,BCoV,33.61831665,41
,,,42
,,,43
,,,44
,,,45
,,,46
,,,47
,,,48
NO_49_B,BCoV,30.04598045,49
MI_49_B,BCoV,30.0579052,49
NO_49_B,BCoV,30.16833115,49
MI_49_B,BCoV,30.24517059,49
CC_49_B,BCoV,30.41549683,49
MI_49_B,BCoV,30.51978874,49
CC_49_B,BCoV,30.60385513,49
NO_49_B,BCoV,30.67521477,49
CC_49_B,BCoV,30.83892441,49
MI_50_B,BCoV,29.46949387,50
NO_50_B,BCoV,29.93868637,50
NO_50_B,BCoV,29.95747757,50
MI_50_B,BCoV,30.0241642,50
NO_50_B,BCoV,30.06481934,50
CC_50_B,BCoV,30.14325523,50
MI_50_B,BCoV,30.27494812,50
CC_50_B,BCoV,30.48569107,50
CC_50_B,BCoV,30.50241852,50
NO_51_B,BCoV,33.25882339,51
NO_51_B,BCoV,33.39667892,51
NO_51_B,BCoV,32.92406082,51
MI_51_B,BCoV,33.97120285,51
MI_51_B,BCoV,34.19262314,51
MI_51_B,BCoV,33.31296539,51
CC_51_B,BCoV,34.34879303,51
CC_51_B,BCoV,34.27181625,51
CC_51_B,BCoV,33.84676743,51
NO_52_B,BCoV,32.95623016,52
NO_52_B,BCoV,33.00020599,52
NO_52_B,BCoV,32.94394302,52
MI_52_B,BCoV,32.98529053,52
MI_52_B,BCoV,33.59724808,52
MI_52_B,BCoV,32.62799072,52
CC_52_B,BCoV,33.83961487,52
CC_52_B,BCoV,33.89715576,52
CC_52_B,BCoV,33.34224319,52
NO_53_B,BCoV,31.93785858,53
NO_53_B,BCoV,31.98681259,53
NO_53_B,BCoV,31.54013443,53
MI_53_B,BCoV,32.72548294,53
MI_53_B,BCoV,33.01839828,53
MI_53_B,BCoV,32.33779526,53
CC_53_B,BCoV,32.59074402,53
CC_53_B,BCoV,32.4720726,53
CC_53_B,BCoV,32.18586731,53
NO_54_B,BCoV,30.41102982,54
NO_54_B,BCoV,30.54122353,54
NO_54_B,BCoV,30.82091713,54
MI_54_B,BCoV,29.38570213,54
MI_54_B,BCoV,29.53589439,54
MI_54_B,BCoV,29.58737373,54
CC_54_B,BCoV,Undetermined,54
CC_54_B,BCoV,Undetermined,54
CC_54_B,BCoV,36.97390366,54
NO_55_B,BCoV,31.59432983,55
NO_55_B,BCoV,31.51068115,55
NO_55_B,BCoV,31.29654312,55
MI_55_B,BCoV,31.39447212,55
MI_55_B,BCoV,31.5042038,55
MI_55_B,BCoV,31.24988174,55
CC_55_B,BCoV,31.6510582,55
CC_55_B,BCoV,31.99415398,55
CC_55_B,BCoV,31.30638123,55
NO_56_B,BCoV,35.75831223,56
NO_56_B,BCoV,37.02914429,56
NO_56_B,BCoV,37.9500618,56
MI_56_B,BCoV,28.3891201,56
MI_56_B,BCoV,28.83375359,56
MI_56_B,BCoV,31.68642998,56
CC_56_B,BCoV,30.96979713,56
CC_56_B,BCoV,28.60501671,56
CC_56_B,BCoV,29.85393906,56
NO_57_B,BCoV,31.2307415,57
NO_57_B,BCoV,30.96564674,57
NO_57_B,BCoV,30.46471596,57
MI_57_B,BCoV,31.25611496,57
MI_57_B,BCoV,31.41003227,57
MI_57_B,BCoV,31.25242424,57
CC_57_B,BCoV,31.37235641,57
CC_57_B,BCoV,31.47598076,57
CC_57_B,BCoV,31.36372757,57
NO_58_B,BCoV,30.83940506,58
NO_58_B,BCoV,30.02309036,58
NO_58_B,BCoV,30.48814964,58
MI_58_B,BCoV,31.21623421,58
MI_58_B,BCoV,30.41810417,58
MI_58_B,BCoV,29.96461868,58
CC_58_B,BCoV,31.0408802,58
CC_58_B,BCoV,30.09222412,58
CC_58_B,BCoV,29.82535934,58
NO_59_B,BCoV,31.75798416,59
NO_59_B,BCoV,31.6269455,59
NO_59_B,BCoV,26.80021667,59
MI_59_B,BCoV,31.66646194,59
MI_59_B,BCoV,31.68498421,59
MI_59_B,BCoV,31.41794586,59
CC_59_B,BCoV,32.99437332,59
CC_59_B,BCoV,32.77472305,59
CC_59_B,BCoV,32.47255325,59
NO_60_B,BCoV,30.47720146,60
NO_60_B,BCoV,30.54938889,60
NO_60_B,BCoV,30.27668381,60
MI_60_B,BCoV,30.64113045,60
MI_60_B,BCoV,31.23614502,60
MI_60_B,BCoV,30.44070625,60
CC_60_B,BCoV,30.82989502,60
CC_60_B,BCoV,32.98212433,60
CC_60_B,BCoV,30.74889374,60
NO_61_B,BCoV,32.18249512,61
NO_61_B,BCoV,31.9709816,61
NO_61_B,BCoV,31.34623909,61
MI_61_B,BCoV,33.26736832,61
MI_61_B,BCoV,31.73770142,61
MI_61_B,BCoV,31.50385284,61
CC_61_B,BCoV,32.74435806,61
CC_61_B,BCoV,31.21111298,61
CC_61_B,BCoV,30.94289589,61
NO_62_B,BCoV,33.34355545,62
NO_62_B,BCoV,33.32962036,62
NO_62_B,BCoV,32.85339737,62
MI_62_B,BCoV,34.22691727,62
MI_62_B,BCoV,34.77464294,62
MI_62_B,BCoV,34.15574646,62
CC_62_B,BCoV,33.3493576,62
CC_62_B,BCoV,33.64205551,62
CC_62_B,BCoV,33.04264069,62
NO_63_B,BCoV,32.0483017,63
NO_63_B,BCoV,32.24316406,63
NO_63_B,BCoV,32.05754089,63
MI_63_B,BCoV,32.27731705,63
MI_63_B,BCoV,32.67987442,63
MI_63_B,BCoV,32.33592606,63
CC_63_B,BCoV,32.74063873,63
CC_63_B,BCoV,Undetermined,63
CC_63_B,BCoV,32.98378372,63
NO_64_B,BCoV,32.5619278,64
NO_64_B,BCoV,32.71550369,64
NO_64_B,BCoV,32.48662949,64
MI_64_B,BCoV,33.76896667,64
MI_64_B,BCoV,34.1464386,64
MI_64_B,BCoV,33.84360886,64
CC_64_B,BCoV,32.60806274,64
CC_64_B,BCoV,32.78692627,64
CC_64_B,BCoV,32.41443253,64
NO_66_B,BCoV,30.99985313,66
NO_66_B,BCoV,31.35368919,66
NO_66_B,BCoV,30.91498566,66
MI_66_B,BCoV,31.81454468,66
MI_66_B,BCoV,32.26677704,66
MI_66_B,BCoV,31.9235096,66
CC_66_B,BCoV,31.14414978,66
CC_66_B,BCoV,31.41154099,66
CC_66_B,BCoV,31.00482368,66
NO_67_B,BCoV,31.71952438,67
NO_67_B,BCoV,32.21398544,67
NO_67_B,BCoV,31.58646965,67
MI_67_B,BCoV,33.35515213,67
MI_67_B,BCoV,34.01473236,67
MI_67_B,BCoV,33.5406723,67
CC_67_B,BCoV,32.18117142,67
CC_67_B,BCoV,32.74930954,67
CC_67_B,BCoV,32.23291016,67
NO_68_B,BCoV,32.95871735,68
NO_68_B,BCoV,33.25925446,68
NO_68_B,BCoV,32.98551941,68
MI_68_B,BCoV,32.5100708,68
MI_68_B,BCoV,33.22615814,68
MI_68_B,BCoV,32.87248611,68
CC_68_B,BCoV,33.59784317,68
CC_68_B,BCoV,33.99219894,68
CC_65_B,BCoV,33.47732162,68
NO_69_B,BCoV,35.54183578,69
NO_69_B,BCoV,35.95220566,69
NO_69_B,BCoV,35.3610878,69
MI_69_B,BCoV,34.56199646,69
MI_69_B,BCoV,35.23411942,69
MI_69_B,BCoV,34.86009979,69
CC_69_B,BCoV,35.37662888,69
CC_69_B,BCoV,35.64304733,69
CC_69_B,BCoV,35.35372925,69
NO_70_B,BCoV,31.35994148,70
NO_70_B,BCoV,31.51166344,70
NO_70_B,BCoV,31.16027641,70
MI_70_B,BCoV,31.77515221,70
MI_70_B,BCoV,32.15501022,70
MI_70_B,BCoV,31.80920982,70
CC_70_B,BCoV,32.12628555,70
CC_70_B,BCoV,32.36607361,70
CC_70_B,BCoV,31.97517204,70
NO_71_B,BCoV,34.34462357,71
NO_71_B,BCoV,34.77950668,71
NO_71_B,BCoV,34.32230377,71
MI_71_B,BCoV,34.84429932,71
MI_71_B,BCoV,35.48828506,71
MI_71_B,BCoV,35.13711166,71
CC_71_B,BCoV,35.45638275,71
CC_71_B,BCoV,35.98315811,71
CC_71_B,BCoV,35.48132324,71
NO_72_B,BCoV,33.31685257,72
NO_72_B,BCoV,33.71619415,72
NO_72_B,BCoV,33.28649902,72
MI_72_B,BCoV,33.53971481,72
MI_72_B,BCoV,34.04991913,72
MI_72_B,BCoV,33.56713867,72
CC_72_B,BCoV,34.60509491,72
CC_72_B,BCoV,35.02483368,72
CC_72_B,BCoV,34.50870514,72
NO_74_B,BCoV,32.82710266,74
NO_74_B,BCoV,32.64939117,74
NO_74_B,BCoV,32.47766876,74
MI_74_B,BCoV,33.31228638,74
MI_74_B,BCoV,33.31037521,74
MI_74_B,BCoV,32.90302658,74
CC_74_B,BCoV,33.37760544,74
CC_74_B,BCoV,33.66859818,74
CC_74_B,BCoV,33.24178314,74
NO_75_B,BCoV,32.28500366,75
NO_75_B,BCoV,32.56304169,75
NO_75_B,BCoV,32.56903076,75
MI_75_B,BCoV,30.16210175,75
MI_75_B,BCoV,30.56532478,75
MI_75_B,BCoV,30.30315781,75
CC_75_B,BCoV,30.10870361,75
CC_75_B,BCoV,30.40219879,75
CC_75_B,BCoV,30.23106003,75
,,,76
NO_77_B,BCoV,32.20901489,77
NO_77_B,BCoV,32.80963135,77
NO_77_B,BCoV,32.36003113,77
MI_77_B,BCoV,32.84531403,77
MI_77_B,BCoV,33.49234772,77
MI_77_B,BCoV,33.05908203,77
CC_77_B,BCoV,33.48960876,77
CC_77_B,BCoV,33.99118042,77
CC_77_B,BCoV,33.55970383,77
NO_78_B,BCoV,31.87510109,78
NO_78_B,BCoV,32.29812241,78
NO_78_B,BCoV,31.9051609,78
MI_78_B,BCoV,32.11110687,78
MI_78_B,BCoV,32.87719345,78
MI_78_B,BCoV,32.10910034,78
CC_78_B,BCoV,33.17448044,78
CC_78_B,BCoV,33.35552979,78
CC_78_B,BCoV,32.98276901,78
NO_79_B,BCoV,33.40083694,79
NO_79_B,BCoV,33.47867966,79
NO_79_B,BCoV,33.20958328,79
MI_79_B,BCoV,33.79832458,79
MI_79_B,BCoV,34.13993454,79
MI_79_B,BCoV,33.55508041,79
CC_79_B,BCoV,34.07436752,79
CC_79_B,BCoV,34.18103027,79
CC_79_B,BCoV,33.63283157,79
NO_80_B,BCoV,32.22584152,80
NO_80_B,BCoV,32.49922562,80
NO_80_B,BCoV,31.90533638,80
MI_80_B,BCoV,33.21236038,80
MI_80_B,BCoV,33.47576141,80
MI_80_B,BCoV,32.98490524,80
CC_80_B,BCoV,33.28642273,80
CC_80_B,BCoV,33.58985138,80
CC_80_B,BCoV,33.10381699,80
,,,81
,,,82
,,,83
,,,84
,,,85
,,,86
NO_87_B,BCoV,31.68759918,87
NO_87_B,BCoV,31.72482872,87
NO_87_B,BCoV,32.27974319,87
MI_87_B,BCoV,31.340065,87
MI_87_B,BCoV,31.42361069,87
MI_87_B,BCoV,31.37388992,87
CC_87_B,BCoV,31.55182648,87
CC_87_B,BCoV,31.74213219,87
CC_87_B,BCoV,32.66141129,87
NO_88_B,BCoV,32.56271744,88
NO_88_B,BCoV,32.56271744,88
NO_88_B,BCoV,32.56271744,88
MI_88_B,BCoV,32.79502487,88
MI_88_B,BCoV,32.79502487,88
MI_88_B,BCoV,32.79502487,88
CC_88_B,BCoV,32.99010086,88
CC_88_B,BCoV,32.99010086,88
CC_88_B,BCoV,32.99010086,88
,,,89
NO_90_B,BCoV,31.82345772,90
NO_90_B,BCoV,31.83027649,90
NO_90_B,BCoV,31.52444077,90
MI_90_B,BCoV,32.89857101,90
MI_90_B,BCoV,32.87804031,90
MI_90_B,BCoV,32.41646576,90
CC_90_B,BCoV,34.05509186,90
CC_90_B,BCoV,33.6725502,90
CC_90_B,BCoV,33.18761063,90
NO_91_B,BCoV,31.97899818,91
NO_91_B,BCoV,31.79003906,91
NO_91_B,BCoV,31.35144997,91
NO_92_B,BCoV,30.41728973,92
NO_92_B,BCoV,30.47772026,92
NO_92_B,BCoV,30.35132408,92
MI_92_B,BCoV,30.40011597,92
MI_92_B,BCoV,30.36236954,92
MI_92_B,BCoV,30.30732918,92
CC_92_B,BCoV,30.61870766,92
CC_92_B,BCoV,30.65287971,92
CC_92_B,BCoV,30.26276016,92
NO_174_B,BCoV,28.79899853,174
NO_174_B,BCoV,28.80438873,174
NO_174_B,BCoV,29.19335857,174
MI_174_B,BCoV,29.21639498,174
MI_174_B,BCoV,29.1791777,174
MI_174_B,BCoV,29.16186743,174
CC_174_B,BCoV,29.5224015,174
CC_174_B,BCoV,29.5040656,174
CC_174_B,BCoV,29.36231605,174
NO_175_B,BCoV,28.39190293,175
NO_175_B,BCoV,28.57714528,175
NO_175_B,BCoV,28.54442142,175
MI_175_B,BCoV,28.66781391,175
MI_175_B,BCoV,28.6692644,175
MI_175_B,BCoV,28.66383147,175
CC_175_B,BCoV,28.16368637,175
CC_175_B,BCoV,28.17583224,175
CC_175_B,BCoV,28.35535129,175
NO_176_B,BCoV,29.48016371,176
NO_176_B,BCoV,29.05821199,176
NO_176_B,BCoV,28.70766289,176
NO_180_B,BCoV,28.56956004,180
NO_180_B,BCoV,28.53658929,180
NO_180_B,BCoV,28.51792264,180
MI_180_B,BCoV,28.3898544,180
MI_180_B,BCoV,28.44025186,180
MI_180_B,BCoV,28.3665276,180
CC_180_B,BCoV,29.12070694,180
CC_180_B,BCoV,29.02744016,180
CC_180_B,BCoV,29.04880295,180
NO_181_B,BCoV,28.27565441,181
NO_181_B,BCoV,28.2901856,181
NO_181_B,BCoV,28.23119769,181
MI_181_B,BCoV,28.17208566,181
MI_181_B,BCoV,28.38675857,181
MI_181_B,BCoV,28.37716342,181
CC_181_B,BCoV,28.7547879,181
CC_181_B,BCoV,28.66006598,181
CC_181_B,BCoV,28.67817938,181
NO_182_B,BCoV,28.07954349,182
NO_182_B,BCoV,28.14109412,182
NO_182_B,BCoV,28.06179735,182
MI_182_B,BCoV,26.98604359,182
MI_182_B,BCoV,27.9282851,182
MI_182_B,BCoV,27.83276861,182
CC_182_B,BCoV,28.27487528,182
CC_182_B,BCoV,28.24221877,182
CC_182_B,BCoV,28.34626034,182
NO_183_B,BCoV,29.83986625,183
NO_183_B,BCoV,28.17805711,183
NO_183_B,BCoV,27.53436105,183
MI_183_B,BCoV,30.03709574,183
MI_183_B,BCoV,28.45141667,183
MI_183_B,BCoV,27.52947522,183
CC_183_B,BCoV,29.64158039,183
CC_183_B,BCoV,28.70036417,183
CC_183_B,BCoV,27.59235815,183
NO_184_B,BCoV,31.11378244,184
NO_184_B,BCoV,31.10412964,184
NO_184_B,BCoV,30.92078815,184
MI_184_B,BCoV,28.96652033,184
MI_184_B,BCoV,29.02758365,184
MI_184_B,BCoV,28.95929961,184
CC_184_B,BCoV,29.32846755,184
CC_184_B,BCoV,29.33233948,184
CC_184_B,BCoV,29.3567616,184
NO_185_B,BCoV,30.42884893,185
NO_185_B,BCoV,30.2137935,185
NO_185_B,BCoV,29.57215752,185
MI_185_B,BCoV,29.72047163,185
MI_185_B,BCoV,29.46208481,185
MI_185_B,BCoV,29.23269814,185
CC_185_B,BCoV,29.14626863,185
CC_185_B,BCoV,28.97355353,185
CC_185_B,BCoV,28.66995507,185
NO_186_B,BCoV,31.56466333,186
NO_186_B,BCoV,31.41588431,186
NO_186_B,BCoV,31.2644794,186
MI_186_B,BCoV,31.02426185,186
MI_186_B,BCoV,31.13467557,186
MI_186_B,BCoV,31.20065919,186
CC_186_B,BCoV,31.01767639,186
CC_186_B,BCoV,30.94639851,186
CC_186_B,BCoV,30.74425186,186
NO_187_B,BCoV,30.09458722,187
NO_187_B,BCoV,30.29355343,187
NO_187_B,BCoV,30.11232684,187
MI_187_B,BCoV,29.06522844,187
MI_187_B,BCoV,30.34558584,187
MI_187_B,BCoV,30.3442132,187
CC_187_B,BCoV,29.54351662,187
CC_187_B,BCoV,29.60028582,187
CC_187_B,BCoV,29.57887195,187
NO_188_B,BCoV,30.27280628,188
NO_188_B,BCoV,30.20238982,188
NO_188_B,BCoV,30.03514662,188
MI_188_B,BCoV,30.05763385,188
MI_188_B,BCoV,29.93683984,188
MI_188_B,BCoV,29.80531834,188
CC_188_B,BCoV,30.27578459,188
CC_188_B,BCoV,30.23188964,188
CC_188_B,BCoV,30.260511,188
NO_189_B,BCoV,30.24485445,189
NO_189_B,BCoV,30.30452194,189
NO_189_B,BCoV,30.08058187,189
MI_189_B,BCoV,29.89213555,189
MI_189_B,BCoV,29.92748049,189
MI_189_B,BCoV,29.69758751,189
CC_189_B,BCoV,30.3498922,189
CC_189_B,BCoV,30.30761761,189
CC_189_B,BCoV,30.25344941,189
NO_190_B,BCoV,29.98450561,190
NO_190_B,BCoV,30.03922519,190
NO_190_B,BCoV,29.78965999,190
MI_190_B,BCoV,29.91248811,190
MI_190_B,BCoV,29.98065303,190
MI_190_B,BCoV,29.98722896,190
CC_190_B,BCoV,30.00491099,190
CC_190_B,BCoV,30.05507236,190
CC_190_B,BCoV,29.96927908,190
NO_191_B,BCoV,30.60351566,191
NO_191_B,BCoV,30.52039048,191
NO_191_B,BCoV,30.43465651,191
MI_191_B,BCoV,30.87342386,191
MI_191_B,BCoV,30.64508583,191
MI_191_B,BCoV,30.57937943,191
CC_191_B,BCoV,30.41223211,191
CC_191_B,BCoV,30.34576045,191
CC_191_B,BCoV,30.15993414,191
NO_192_B,BCoV,30.00250873,192
NO_192_B,BCoV,29.66809868,192
NO_192_B,BCoV,29.76017307,192
MI_192_B,BCoV,29.57467337,192
MI_192_B,BCoV,29.90433889,192
MI_192_B,BCoV,29.25271829,192
CC_192_B,BCoV,30.2495842,192
CC_192_B,BCoV,30.15659234,192
CC_192_B,BCoV,30.07109365,192
NO_193_B,BCoV,29.6592002,193
NO_193_B,BCoV,29.58094529,193
NO_193_B,BCoV,29.48060439,193
MI_193_B,BCoV,29.80820585,193
MI_193_B,BCoV,29.58645029,193
MI_193_B,BCoV,29.52368556,193
CC_193_B,BCoV,28.76026976,193
CC_193_B,BCoV,28.67599991,193
CC_193_B,BCoV,28.69033773,193
NO_194_B,BCoV,29.17755396,194
NO_194_B,BCoV,29.26122594,194
NO_194_B,BCoV,29.01801835,194
MI_194_B,BCoV,29.53398141,194
MI_194_B,BCoV,29.43797798,194
MI_194_B,BCoV,30.12273826,194
CC_194_B,BCoV,22.55560866,194
CC_194_B,BCoV,22.20947626,194
CC_194_B,BCoV,21.99791349,194
NO_195_B,BCoV,30.21044102,195
NO_195_B,BCoV,30.12117287,195
NO_195_B,BCoV,29.92519833,195
MI_195_B,BCoV,30.88584978,195
MI_195_B,BCoV,30.45176288,195
MI_195_B,BCoV,30.52254305,195
CC_195_B,BCoV,29.51670116,195
CC_195_B,BCoV,29.43537108,195
CC_195_B,BCoV,29.07569608,195
NO_196_B,BCoV,30.29376058,197
NO_196_B,BCoV,29.22574205,197
NO_196_B,BCoV,28.32490876,197
MI_196_B,BCoV,30.53585704,197
MI_196_B,BCoV,29.28929461,197
MI_196_B,BCoV,28.38222624,197
CC_196_B,BCoV,30.06731819,197
CC_196_B,BCoV,29.05367842,197
CC_196_B,BCoV,28.29471539,197
NO_197_B,BCoV,31.36257232,197
NO_197_B,BCoV,30.15793033,197
NO_197_B,BCoV,28.92188919,197
MI_197_B,BCoV,30.70322958,197
MI_197_B,BCoV,29.46873884,197
MI_197_B,BCoV,28.665688,197
CC_197_B,BCoV,30.10195293,197
CC_197_B,BCoV,29.3791916,197
CC_197_B,BCoV,28.68089143,197
NO_198_B,BCoV,30.32847059,198
NO_198_B,BCoV,30.53411532,198
NO_198_B,BCoV,30.42562654,198
MI_198_B,BCoV,29.68244464,198
MI_198_B,BCoV,29.52233202,198
MI_198_B,BCoV,29.52827573,198
CC_198_B,BCoV,30.44978202,198
CC_198_B,BCoV,30.42748282,198
CC_198_B,BCoV,30.43163934,198
NO_199_B,BCoV,30.53706508,199
NO_199_B,BCoV,30.56469682,199
NO_199_B,BCoV,30.3652799,199
MI_199_B,BCoV,29.71911569,199
MI_199_B,BCoV,29.67994654,199
MI_199_B,BCoV,29.62149619,199
CC_199_B,BCoV,30.07744627,199
CC_199_B,BCoV,30.06072572,199
CC_199_B,BCoV,30.05433949,199
NO_200_B,BCoV,29.31876626,200
NO_200_B,BCoV,29.30038855,200
NO_200_B,BCoV,29.6397636,200
MI_200_B,BCoV,29.88939752,200
MI_200_B,BCoV,29.68028531,200
MI_200_B,BCoV,30.10478374,200
CC_200_B,BCoV,28.97588485,200
CC_200_B,BCoV,28.88712606,200
CC_200_B,BCoV,28.81396827,200
NO_201_B,BCoV,28.70357074,201
NO_201_B,BCoV,28.73179788,201
NO_201_B,BCoV,28.59357795,201
MI_201_B,BCoV,28.73217312,201
MI_201_B,BCoV,28.68921557,201
MI_201_B,BCoV,28.67302934,201
CC_201_B,BCoV,29.0713344,201
CC_201_B,BCoV,28.95589493,201
CC_201_B,BCoV,28.96929593,201
NO_202_B,BCoV,32.35557983,202
NO_202_B,BCoV,32.42124493,202
NO_202_B,BCoV,32.24554368,202
MI_202_B,BCoV,28.96099524,202
MI_202_B,BCoV,28.87069608,202
MI_202_B,BCoV,28.83353546,202
CC_202_B,BCoV,28.76291075,202
CC_202_B,BCoV,29.03445544,202
CC_202_B,BCoV,28.89118242,202
NO_203_B,BCoV,29.82299958,203
NO_203_B,BCoV,29.74308213,203
NO_203_B,BCoV,29.98331813,203
MI_203_B,BCoV,30.03893825,203
MI_203_B,BCoV,29.86365438,203
MI_203_B,BCoV,29.80661764,203
CC_203_B,BCoV,29.52944847,203
CC_203_B,BCoV,29.67482372,203
CC_203_B,BCoV,29.40180321,203
NO_204_B,BCoV,29.37065173,204
NO_204_B,BCoV,29.39720335,204
NO_204_B,BCoV,29.2748483,204
MI_204_B,BCoV,28.79177362,204
MI_204_B,BCoV,28.75378361,204
MI_204_B,BCoV,28.6820607,204
CC_204_B,BCoV,28.83814642,204
CC_204_B,BCoV,28.85789644,204
CC_204_B,BCoV,28.81840916,204
NO_205_B,BCoV,29.49143313,205
NO_205_B,BCoV,29.45727539,205
NO_205_B,BCoV,29.8159059,205
MI_205_B,BCoV,29.4729011,205
MI_205_B,BCoV,29.36432458,205
MI_205_B,BCoV,29.34768677,205
CC_205_B,BCoV,29.39221027,205
CC_205_B,BCoV,29.51174052,205
CC_205_B,BCoV,29.0651469,205
NO_206_B,BCoV,33.0724934,206
NO_206_B,BCoV,32.97009004,206
NO_206_B,BCoV,32.80588889,206
MI_206_B,BCoV,29.04322413,206
MI_206_B,BCoV,28.94303512,206
MI_206_B,BCoV,28.89055819,206
CC_206_B,BCoV,29.26702827,206
CC_206_B,BCoV,29.289479,206
CC_206_B,BCoV,29.36504127,206
NO_207_B,BCoV,29.65781191,207
NO_207_B,BCoV,29.68647334,207
NO_207_B,BCoV,29.54053022,207
MI_207_B,BCoV,29.70832887,207
MI_207_B,BCoV,29.70429096,207
MI_207_B,BCoV,29.68770879,207
CC_207_B,BCoV,29.48858665,207
CC_207_B,BCoV,29.76273034,207
CC_207_B,BCoV,29.73198392,207
NO_208_B,BCoV,30.20020545,208
NO_208_B,BCoV,30.31190594,208
NO_208_B,BCoV,30.06854002,208
MI_208_B,BCoV,30.237726,208
MI_208_B,BCoV,30.06703236,208
MI_208_B,BCoV,30.08486643,208
CC_208_B,BCoV,30.48944784,208
CC_208_B,BCoV,30.56362263,208
CC_208_B,BCoV,31.15495601,208
NO_209_B,BCoV,29.38695563,209
NO_209_B,BCoV,29.24988759,209
NO_209_B,BCoV,29.62860622,209
MI_209_B,BCoV,28.70860307,209
MI_209_B,BCoV,28.63815524,209
MI_209_B,BCoV,29.07117872,209
CC_209_B,BCoV,29.10314823,209
CC_209_B,BCoV,29.08081366,209
CC_209_B,BCoV,29.10542461,209
NO_210_B,BCoV,29.07378933,210
NO_210_B,BCoV,28.6364621,210
NO_210_B,BCoV,28.41198337,210
NO_211_B,BCoV,29.76923536,211
NO_211_B,BCoV,28.25517294,211
NO_211_B,BCoV,27.76401596,211
MI_210_B,BCoV,28.74924562,210
MI_210_B,BCoV,28.4828814,210
MI_210_B,BCoV,28.23228148,210
MI_211_B,BCoV,29.30675968,211
MI_211_B,BCoV,28.26755944,211
MI_211_B,BCoV,27.66977508,211
CC_210_B,BCoV,29.00232214,210
CC_210_B,BCoV,28.50870205,210
CC_210_B,BCoV,28.08089804,210
CC_211_B,BCoV,30.06652095,211
CC_211_B,BCoV,28.33021779,211
CC_211_B,BCoV,27.68582321,211
NO_212_B,BCoV,28.23216276,212
NO_212_B,BCoV,28.49142655,212
NO_212_B,BCoV,28.25762182,212
NO_213_B,BCoV,29.08173449,213
NO_213_B,BCoV,29.04717959,213
NO_213_B,BCoV,30.0573134,213
MI_212_B,BCoV,28.32978251,212
MI_212_B,BCoV,28.52509435,212
MI_212_B,BCoV,28.42510873,212
MI_213_B,BCoV,30.11603542,213
MI_213_B,BCoV,28.18637012,213
CC_212_B,BCoV,28.13931352,212
CC_212_B,BCoV,28.18149035,212
CC_212_B,BCoV,27.87364105,212
CC_213_B,BCoV,30.50682586,213
CC_213_B,BCoV,29.84864159,213
CC_213_B,BCoV,35.43402411,213
NO_214_B,BCoV,29.03036657,214
NO_214_B,BCoV,28.70276103,214
NO_214_B,BCoV,28.55063642,214
NO_215_B,BCoV,28.67228867,215
NO_215_B,BCoV,28.67984257,215
NO_215_B,BCoV,28.71581364,215
MI_214_B,BCoV,29.07758178,214
MI_214_B,BCoV,28.73076403,214
MI_214_B,BCoV,28.75486265,214
MI_215_B,BCoV,28.8074969,215
MI_215_B,BCoV,28.66246339,215
MI_215_B,BCoV,28.74843466,215
CC_214_B,BCoV,28.75456542,214
CC_214_B,BCoV,28.75473361,214
CC_214_B,BCoV,28.63300188,214
CC_215_B,BCoV,28.68670569,215
CC_215_B,BCoV,28.53171423,215
CC_215_B,BCoV,28.70047685,215
NO_213_B,BCoV,29.08173449,213
NO_213_B,BCoV,29.04717959,213
NO_213_B,BCoV,30.0573134,213
MI_213_B,BCoV,30.11603542,213
MI_213_B,BCoV,28.18637012,213
CC_213_B,BCoV,30.50682586,213
CC_213_B,BCoV,29.84864159,213
CC_213_B,BCoV,35.43402411,213
CC_216_B,BCoV,29.42731398,216
CC_216_B,BCoV,29.4055239,216
CC_216_B,BCoV,29.28748804,216
CC_217_B,BCoV,28.66574925,216
CC_217_B,BCoV,28.5829702,216
CC_217_B,BCoV,28.73576882,216
MI_216_B,BCoV,29.09299664,216
MI_216_B,BCoV,28.95394213,216
MI_216_B,BCoV,28.96651388,216
MI_217_B,BCoV,29.03103229,217
MI_217_B,BCoV,28.89903374,217
MI_217_B,BCoV,28.93497418,217
NO_216_B,BCoV,28.92906698,217
NO_216_B,BCoV,28.84775227,217
NO_216_B,BCoV,28.76349335,217
NO_217_B,BCoV,28.30419313,217
NO_217_B,BCoV,28.43156883,217
NO_217_B,BCoV,28.37609195,217
NO_218_B,BCoV,28.55095441,218
NO_218_B,BCoV,28.60698215,218
NO_218_B,BCoV,28.50947359,218
MI_218_B,BCoV,28.94051456,218
MI_218_B,BCoV,28.84476815,218
MI_218_B,BCoV,28.72836273,218
CC_218_B,BCoV,28.78773614,218
CC_218_B,BCoV,28.79184105,218
CC_218_B,BCoV,28.76564104,218
NO_219_B,BCoV,28.75182394,219
NO_219_B,BCoV,28.64398725,219
NO_219_B,BCoV,28.65799873,219
MI_219_B,BCoV,28.52552395,219
MI_219_B,BCoV,28.45895217,219
MI_219_B,BCoV,28.54518995,219
CC_219_B,BCoV,28.47117572,219
CC_219_B,BCoV,28.40698418,219
CC_219_B,BCoV,28.43895658,219
NO_220_B,BCoV,28.21854517,220
NO_220_B,BCoV,28.22953974,220
NO_220_B,BCoV,28.08842455,220
NO_221_B,BCoV,28.04315004,221
NO_221_B,BCoV,28.15549776,221
NO_221_B,BCoV,28.27597957,221
MI_220_B,BCoV,28.24917252,220
MI_220_B,BCoV,28.26421124,220
MI_220_B,BCoV,28.31868933,220
MI_221_B,BCoV,28.34314151,221
MI_221_B,BCoV,28.24900834,221
MI_221_B,BCoV,28.31659982,221
CC_220_B,BCoV,28.292943,220
CC_220_B,BCoV,28.26698652,220
CC_220_B,BCoV,28.28857375,220
CC_221_B,BCoV,27.96989756,221
CC_221_B,BCoV,27.91764254,221
CC_221_B,BCoV,28.13016278,221
NO_222_B,BCoV,28.56844951,222
NO_222_B,BCoV,28.62172743,222
NO_222_B,BCoV,28.53027038,222
NO_223_B,BCoV,28.44424244,223
NO_223_B,BCoV,28.47037431,223
NO_223_B,BCoV,28.98531851,223
MI_222_B,BCoV,28.79293958,222
MI_222_B,BCoV,28.83366515,222
MI_222_B,BCoV,28.6431578,222
MI_223_B,BCoV,28.76237088,223
MI_223_B,BCoV,28.78941855,223
MI_223_B,BCoV,29.23339371,223
CC_222_B,BCoV,28.23842574,222
CC_222_B,BCoV,28.26182826,222
CC_222_B,BCoV,28.26687187,222
CC_223_B,BCoV,28.31291013,223
CC_223_B,BCoV,28.2346207,223
CC_223_B,BCoV,28.62598628,223
NO_224_B,BCoV,28.42839741,224
NO_224_B,BCoV,28.38895134,224
NO_224_B,BCoV,28.35618483,224
NO_225_B,BCoV,28.00936378,225
NO_225_B,BCoV,28.00793086,225
NO_225_B,BCoV,27.92134023,225
MI_224_B,BCoV,28.69704694,224
MI_224_B,BCoV,28.50757907,224
MI_224_B,BCoV,28.46576036,224
MI_225_B,BCoV,28.23116433,225
MI_225_B,BCoV,28.18762292,225
MI_225_B,BCoV,28.21819083,225
CC_224_B,BCoV,28.53303431,224
CC_224_B,BCoV,28.31496295,224
CC_224_B,BCoV,28.3434275,224
CC_225_B,BCoV,28.55693001,225
CC_225_B,BCoV,28.52993046,225
CC_225_B,BCoV,28.33679229,225
NO_226_B,BCoV,28.7447834,226
NO_226_B,BCoV,28.69610482,226
NO_226_B,BCoV,28.54980769,226
NO_227_B,BCoV,28.54634417,227
NO_227_B,BCoV,28.79591277,227
NO_227_B,BCoV,28.64470418,227
MI_226_B,BCoV,28.44635631,226
MI_226_B,BCoV,28.27477468,226
MI_226_B,BCoV,27.73138466,226
MI_227_B,BCoV,28.78156755,227
MI_227_B,BCoV,28.68051703,227
MI_227_B,BCoV,28.90801956,227
CC_226_B,BCoV,28.37442814,226
CC_226_B,BCoV,28.92010869,226
CC_226_B,BCoV,28.41370158,226
CC_227_B,BCoV,28.58405766,227
CC_227_B,BCoV,28.54810284,227
CC_227_B,BCoV,28.59813008,227
NO_228_B,BCoV,29.53094573,228
NO_228_B,BCoV,29.35055871,228
NO_228_B,BCoV,29.19020451,228
MI_228_B,BCoV,29.41709181,228
MI_228_B,BCoV,29.41210064,228
MI_228_B,BCoV,29.26172484,228
CC_228_B,BCoV,29.28864409,228
CC_228_B,BCoV,29.29924536,228
CC_228_B,BCoV,29.29466474,228
NO_229_B,BCoV,29.40604821,229
NO_229_B,BCoV,29.36299014,229
NO_229_B,BCoV,29.36389845,229
MI_229_B,BCoV,29.92143007,229
MI_229_B,BCoV,29.56589388,229
MI_229_B,BCoV,29.55773724,229
CC_229_B,BCoV,29.41900325,229
CC_229_B,BCoV,29.59197663,229
CC_229_B,BCoV,29.36824522,229
NO_230_B,BCoV,28.39268752,230
NO_230_B,BCoV,28.30241898,230
NO_230_B,BCoV,28.10171988,230
NO_231_B,BCoV,27.89048097,231
NO_231_B,BCoV,28.01457512,231
NO_231_B,BCoV,28.11548939,231
MI_230_B,BCoV,28.693633,230
MI_230_B,BCoV,28.45585425,230
MI_230_B,BCoV,28.46445338,230
MI_231_B,BCoV,28.29588802,231
MI_231_B,BCoV,28.16426836,231
MI_231_B,BCoV,28.50041929,231
CC_230_B,BCoV,28.71326904,230
CC_230_B,BCoV,28.72353904,230
CC_230_B,BCoV,28.20086485,230
CC_231_B,BCoV,28.4543119,231
CC_231_B,BCoV,28.76151668,231
CC_231_B,BCoV,28.48189225,231
NO_232_B,BCoV,28.82899708,232
NO_232_B,BCoV,28.73506315,232
NO_232_B,BCoV,28.6224914,232
MI_232_B,BCoV,29.07023592,232
MI_232_B,BCoV,28.83046728,232
MI_232_B,BCoV,29.55749577,232
CC_232_B,BCoV,29.21220655,232
CC_232_B,BCoV,29.29492967,232
CC_232_B,BCoV,29.13925664,232
NO_233_B,BCoV,28.72616904,233
NO_233_B,BCoV,28.61827346,233
NO_233_B,BCoV,28.37972714,233
MI_233_B,BCoV,28.54305199,233
MI_233_B,BCoV,28.31243791,233
MI_233_B,BCoV,28.26886488,233
CC_233_B,BCoV,28.24106845,233
CC_233_B,BCoV,28.08796708,233
CC_233_B,BCoV,28.08864023,233
NO_234_B,BCoV,29.28884046,234
NO_234_B,BCoV,29.35763854,234
NO_234_B,BCoV,29.23348613,234
MI_234_B,BCoV,28.78830383,234
MI_234_B,BCoV,28.93682671,234
MI_234_B,BCoV,28.87453919,234
CC_234_B,BCoV,28.99979141,234
CC_234_B,BCoV,28.97871319,234
CC_234_B,BCoV,28.9258749,234
NO_235_B,BCoV,28.49925086,235
NO_235_B,BCoV,28.43691111,235
NO_235_B,BCoV,28.41654531,235
MI_235_B,BCoV,28.99642567,235
MI_235_B,BCoV,28.75343168,235
MI_235_B,BCoV,28.57401805,235
CC_235_B,BCoV,28.5583368,235
CC_235_B,BCoV,28.47853246,235
CC_235_B,BCoV,28.29963184,235
NO_236_B,BCoV,29.27321667,236
NO_236_B,BCoV,29.30074052,236
NO_236_B,BCoV,29.23179502,236
MI_236_B,BCoV,28.89177127,236
MI_236_B,BCoV,28.71917073,236
MI_236_B,BCoV,28.65159243,236
CC_236_B,BCoV,29.21449337,236
CC_236_B,BCoV,29.17380505,236
CC_236_B,BCoV,29.17149302,236
NO_237_B,BCoV,29.80315536,237
NO_237_B,BCoV,29.86229387,237
NO_237_B,BCoV,30.75936237,237
MI_237_B,BCoV,29.50264592,237
MI_237_B,BCoV,29.48535779,237
MI_237_B,BCoV,29.419432,237
CC_237_B,BCoV,29.32749894,237
CC_237_B,BCoV,29.26452408,237
CC_237_B,BCoV,29.22634246,237
NO_238_B,BCoV,29.40634216,238
NO_238_B,BCoV,29.23601654,238
NO_238_B,BCoV,29.02717066,238
MI_238_B,BCoV,29.68635607,238
MI_238_B,BCoV,29.56280469,238
MI_238_B,BCoV,29.48401225,238
CC_238_B,BCoV,29.55459761,238
CC_238_B,BCoV,29.47068169,238
CC_238_B,BCoV,29.41372892,238
CG_238,BCoV,19.91784874,238
CG_238,BCoV,19.89551225,238
CG_238,BCoV,20.00027941,238
NO_239_B,BCoV,30.29369162,239
NO_239_B,BCoV,30.18767767,239
NO_239_B,BCoV,30.09812789,239
MI_239_B,BCoV,30.29436794,239
MI_239_B,BCoV,30.03920987,239
MI_239_B,BCoV,30.04686651,239
CC_239_B,BCoV,29.94128361,239
CC_239_B,BCoV,29.75179064,239
CC_239_B,BCoV,29.6233625,239
NO_240_B,BCoV,29.35389455,240
NO_240_B,BCoV,29.35561072,240
NO_240_B,BCoV,29.24566653,240
MI_240_B,BCoV,29.54333843,240
MI_240_B,BCoV,29.36909341,240
MI_240_B,BCoV,29.28288036,240
CC_240_B,BCoV,29.36961019,240
CC_240_B,BCoV,29.3614422,240
CC_240_B,BCoV,29.43844143,240
NO_241_B,BCoV,29.70433318,241
NO_241_B,BCoV,29.702673,241
NO_241_B,BCoV,29.52511867,241
MI_241_B,BCoV,29.65412495,241
MI_241_B,BCoV,29.47529994,241
MI_241_B,BCoV,29.43948004,241
CC_241_B,BCoV,31.77467861,241
CC_241_B,BCoV,30.30996335,241
CC_241_B,BCoV,30.26786541,241
NO_242_B,BCoV,32.95825468,242
NO_242_B,BCoV,30.96134344,242
NO_242_B,BCoV,29.56465209,242
MI_242_B,BCoV,31.30719121,242
MI_242_B,BCoV,29.97101323,242
MI_242_B,BCoV,29.11078104,242
CC_242_B,BCoV,31.83301282,242
CC_242_B,BCoV,31.02951675,242
CC_242_B,BCoV,29.75742947,242
NO_243_B,BCoV,30.0624791,243
NO_243_B,BCoV,29.90612496,243
NO_243_B,BCoV,29.757046,243
MI_243_B,BCoV,31.20894674,243
MI_243_B,BCoV,31.04596615,243
MI_243_B,BCoV,31.0046367,243
CC_243_B,BCoV,30.43875961,243
CC_243_B,BCoV,30.4551121,243
CC_243_B,BCoV,30.29561637,243